file	function	line	bucket	lean_name_or_reason
graph/src/graph/graphblas/matrix.rs	init	117	PROVEN	GrbInfo.propagate_safe: all three init codes mapped to Err (Disposition.propagate)
graph/src/graph/graphblas/matrix.rs	set_nthreads	192	AXIOMATISED	thin wrapper over one GrB/GxB call; C spec axiomatised; Info disposition debugAssert (GrbInfo.Disposition.run: swallowed in release)
graph/src/graph/graphblas/matrix.rs	omp_set_num_threads	202	AXIOMATISED	thin wrapper over one GrB/GxB call; C spec axiomatised; Info disposition debugAssert (GrbInfo.Disposition.run: swallowed in release)
graph/src/graph/graphblas/matrix.rs	burble	206	AXIOMATISED	thin wrapper over one GrB/GxB call; C spec axiomatised; Info disposition debugAssert (GrbInfo.Disposition.run: swallowed in release)
graph/src/graph/graphblas/matrix.rs	shutdown	217	AXIOMATISED	LAGraph_Finalize; rc ignored (Disposition: ignore)
graph/src/graph/graphblas/matrix.rs	add_op	267	PROVEN	GBWGlue.addOp: addOp_u64_second, addOp_bool_true
graph/src/graph/graphblas/matrix.rs	add_op	271	PROVEN	GBWGlue.addOp .bool: addOp_bool_true
graph/src/graph/graphblas/matrix.rs	add_op	279	PROVEN	GBWGlue.addOp .u64: addOp_u64_second
graph/src/graph/graphblas/matrix.rs	new_matrix	290	PROVEN	GBWGlue.newMatrix: newMatrix_spec
graph/src/graph/graphblas/matrix.rs	new_matrix	297	PROVEN	GBWGlue.newMatrix .bool: newMatrix_spec
graph/src/graph/graphblas/matrix.rs	new_matrix	306	PROVEN	GBWGlue.newMatrix .u64: newMatrix_spec
graph/src/graph/graphblas/matrix.rs	from	315	PROVEN	GBWGlue.descOf: descOf_injective, descOf_nondefault, descOf_RC, allDesc_complete
graph/src/graph/graphblas/matrix.rs	clone	375	PROVEN	Own: clone = count+1; never_double_free / race_leaks
graph/src/graph/graphblas/matrix.rs	drop	389	PROVEN	Own.never_double_free, Own.sequential_frees_once; Own.race_leaks = CONFIRMED leak bug_matrix_concurrent_drop_leaks
graph/src/graph/graphblas/matrix.rs	pin_sparse	406	AXIOMATISED	thin wrapper over one GrB/GxB call; C spec axiomatised; Info disposition debugAssert (GrbInfo.Disposition.run: swallowed in release)
graph/src/graph/graphblas/matrix.rs	decode	430	PROVEN	Codes.matrix_decode_internal_new_ok; component decode propagates; CONFIRMED leak bug_matrix_decode_leaks_container_components / _on_error_path
graph/src/graph/graphblas/matrix.rs	encode	510	PROVEN	GBWGlue.encodeM: encodeM_spec, decodeC_encodeM (UnloadLoad = GxB load/unload spec); container bytes incl. heap pointers (see header)
graph/src/graph/graphblas/matrix.rs	into_hyper	559	AXIOMATISED	thin wrapper over one GrB/GxB call; C spec axiomatised; Info disposition debugAssert (GrbInfo.Disposition.run: swallowed in release)
graph/src/graph/graphblas/matrix.rs	hyper_vector_count	597	AXIOMATISED	thin wrapper over one GrB/GxB call; C spec axiomatised; Info disposition debugAssert (GrbInfo.Disposition.run: swallowed in release)
graph/src/graph/graphblas/matrix.rs	transpose	634	AXIOMATISED	thin wrapper over one GrB/GxB call; C spec axiomatised; Info disposition debugAssert (GrbInfo.Disposition.run: swallowed in release)
graph/src/graph/graphblas/matrix.rs	grown	701	PROVEN	Misc.grown_rejects_shrink, Misc.resize_grow_iff_grownOk
graph/src/graph/graphblas/matrix.rs	inner	721	PROVEN	GBWGlue.MatH.inner: inner_eq
graph/src/graph/graphblas/matrix.rs	contains	732	PROVEN	GrbInfo.Disposition.propagate (== SUCCESS -> bool)
graph/src/graph/graphblas/matrix.rs	intersection_nvals	744	AXIOMATISED	thin wrapper over one GrB/GxB call; C spec axiomatised; Info disposition debugAssert (GrbInfo.Disposition.run: swallowed in release)
graph/src/graph/graphblas/matrix.rs	pending	765	AXIOMATISED	thin wrapper over one GrB/GxB call; C spec axiomatised; Info disposition debugAssert (GrbInfo.Disposition.run: swallowed in release)
graph/src/graph/graphblas/matrix.rs	wait	782	AXIOMATISED	thin wrapper over one GrB/GxB call; C spec axiomatised; Info disposition debugAssert (GrbInfo.Disposition.run: swallowed in release)
graph/src/graph/graphblas/matrix.rs	is_synced	803	PROVEN	GBWGlue.MatH.isSynced: isSynced_iff
graph/src/graph/graphblas/matrix.rs	memory_usage	808	AXIOMATISED	thin wrapper over one GrB/GxB call; C spec axiomatised; Info disposition debugAssert (GrbInfo.Disposition.run: swallowed in release)
graph/src/graph/graphblas/matrix.rs	clear	883	AXIOMATISED	thin wrapper over one GrB/GxB call; C spec axiomatised; Info disposition debugAssert (GrbInfo.Disposition.run: swallowed in release)
graph/src/graph/graphblas/matrix.rs	remove_all	891	AXIOMATISED	thin wrapper over one GrB/GxB call; C spec axiomatised; Info disposition debugAssert (GrbInfo.Disposition.run: swallowed in release)
graph/src/graph/graphblas/matrix.rs	select	902	AXIOMATISED	thin wrapper over one GrB/GxB call; C spec axiomatised; Info disposition debugAssert (GrbInfo.Disposition.run: swallowed in release)
graph/src/graph/graphblas/matrix.rs	element_wise_add	919	AXIOMATISED	thin wrapper over one GrB/GxB call; C spec axiomatised; Info disposition debugAssert (GrbInfo.Disposition.run: swallowed in release)
graph/src/graph/graphblas/matrix.rs	element_wise_multiply	943	AXIOMATISED	thin wrapper over one GrB/GxB call; C spec axiomatised; Info disposition debugAssert (GrbInfo.Disposition.run: swallowed in release)
graph/src/graph/graphblas/matrix.rs	set_pattern	973	AXIOMATISED	thin wrapper over one GrB/GxB call; C spec axiomatised; Info disposition debugAssert (GrbInfo.Disposition.run: swallowed in release)
graph/src/graph/graphblas/matrix.rs	lmxm	997	AXIOMATISED	thin wrapper over one GrB/GxB call; C spec axiomatised; Info disposition debugAssert (GrbInfo.Disposition.run: swallowed in release)
graph/src/graph/graphblas/matrix.rs	rmxm	1018	AXIOMATISED	thin wrapper over one GrB/GxB call; C spec axiomatised; Info disposition debugAssert (GrbInfo.Disposition.run: swallowed in release)
graph/src/graph/graphblas/matrix.rs	nrows	1038	AXIOMATISED	thin wrapper over one GrB/GxB call; C spec axiomatised; Info disposition debugAssert (GrbInfo.Disposition.run: swallowed in release)
graph/src/graph/graphblas/matrix.rs	ncols	1048	AXIOMATISED	thin wrapper over one GrB/GxB call; C spec axiomatised; Info disposition debugAssert (GrbInfo.Disposition.run: swallowed in release)
graph/src/graph/graphblas/matrix.rs	resize	1057	AXIOMATISED	thin wrapper over one GrB/GxB call; C spec axiomatised; Info disposition debugAssert (GrbInfo.Disposition.run: swallowed in release)
graph/src/graph/graphblas/matrix.rs	sparsity_status	1073	PROVEN	GBWGlue.sparsityName: sparsityName_known, sparsityName_other
graph/src/graph/graphblas/matrix.rs	nvals	1093	AXIOMATISED	thin wrapper over one GrB/GxB call; C spec axiomatised; Info disposition debugAssert (GrbInfo.Disposition.run: swallowed in release)
graph/src/graph/graphblas/matrix.rs	remove	1102	AXIOMATISED	thin wrapper over one GrB/GxB call; C spec axiomatised; Info disposition debugAssert (GrbInfo.Disposition.run: swallowed in release)
graph/src/graph/graphblas/matrix.rs	print	1114	AXIOMATISED	thin wrapper over one GrB/GxB call; C spec axiomatised; Info disposition debugAssert (GrbInfo.Disposition.run: swallowed in release)
graph/src/graph/graphblas/matrix.rs	dup	1126	PROVEN	Own.dup_independent_ownership (fresh Arc/Mutex/flag)
graph/src/graph/graphblas/matrix.rs	dup	1130	PROVEN	Own.dup_independent_ownership (fresh Arc/Mutex/flag)
graph/src/graph/graphblas/matrix.rs	new	1186	PROVEN	Index.matrixNewOk / create_safe_iff: assert fires iff dim > 2^60 (#2892)
graph/src/graph/graphblas/matrix.rs	set	1210	AXIOMATISED	thin wrapper over one GrB/GxB call; C spec axiomatised; Info disposition debugAssert (GrbInfo.Disposition.run: swallowed in release)
graph/src/graph/graphblas/matrix.rs	get	1225	PROVEN	GrbInfo.Disposition.propagate (non-success -> None)
graph/src/graph/graphblas/matrix.rs	iter	1244	PROVEN	RowIter.drain_seek_eq_spec
graph/src/graph/graphblas/matrix.rs	build	1253	PROVEN	Index.len_cast_lossless (rows.len() as u64)
graph/src/graph/graphblas/matrix.rs	new	1281	PROVEN	Index.create_safe_iff / create_2pow61_crashes (#2892 boundary)
graph/src/graph/graphblas/matrix.rs	get	1315	PROVEN	GrbInfo.Disposition.propagate (non-success -> None)
graph/src/graph/graphblas/matrix.rs	set	1331	AXIOMATISED	thin wrapper over one GrB/GxB call; C spec axiomatised; Info disposition debugAssert (GrbInfo.Disposition.run: swallowed in release)
graph/src/graph/graphblas/matrix.rs	assign_product_true	1355	PROVEN	Index.len_cast_lossless (len() as u64)
graph/src/graph/graphblas/matrix.rs	build	1384	PROVEN	Index.len_cast_lossless (rows.len() as u64)
graph/src/graph/graphblas/matrix.rs	delta_lmxm	1420	AXIOMATISED	thin wrapper over one GrB/GxB call; C spec axiomatised; Info disposition debugAssert (GrbInfo.Disposition.run: swallowed in release)
graph/src/graph/graphblas/matrix.rs	iter	1508	PROVEN	RowIter.drain_seek_eq_spec
graph/src/graph/graphblas/matrix.rs	extract	1529	AXIOMATISED	thin wrapper over one GrB/GxB call; C spec axiomatised; Info disposition debugAssert (GrbInfo.Disposition.run: swallowed in release)
graph/src/graph/graphblas/matrix.rs	pos	1532	PROVEN	GBWGlue.posB/posU: posB_eq, posU_eq
graph/src/graph/graphblas/matrix.rs	extract	1541	AXIOMATISED	thin wrapper over one GrB/GxB call; C spec axiomatised; Info disposition debugAssert (GrbInfo.Disposition.run: swallowed in release)
graph/src/graph/graphblas/matrix.rs	pos	1549	PROVEN	GBWGlue.posB: posB_eq
graph/src/graph/graphblas/matrix.rs	extract	1560	AXIOMATISED	thin wrapper over one GrB/GxB call; C spec axiomatised; Info disposition debugAssert (GrbInfo.Disposition.run: swallowed in release)
graph/src/graph/graphblas/matrix.rs	pos	1569	PROVEN	GBWGlue.posU: posU_eq, posU_agrees
graph/src/graph/graphblas/matrix.rs	drop	1590	PROVEN	Own.never_double_free (same Arc::get_mut protocol as Matrix::drop)
graph/src/graph/graphblas/matrix.rs	new	1612	PROVEN	RowIter.drain_seek_eq_spec
graph/src/graph/graphblas/matrix.rs	detached	1633	PROVEN	RowIter.drain_empty_matrix (depleted, yields nothing)
graph/src/graph/graphblas/matrix.rs	attach	1644	AXIOMATISED	GxB_Iterator_new (assert, OOM only) + rowIterator_attach (debugAssert)
graph/src/graph/graphblas/matrix.rs	seek	1669	PROVEN	RowIter.drain_seek_eq_spec (seekRow + NO_VALUE loop)
graph/src/graph/graphblas/matrix.rs	next	1702	PROVEN	RowIter.drainL_eq_filter / drain_no_duplication; test ok_row_iterator_exactly_once
graph/src/graph/graphblas/vector.rs	drop	66	AXIOMATISED	GrB_Vector_free / GxB_Iterator_free, single owner
graph/src/graph/graphblas/vector.rs	from	78	PROVEN	GBWGlue.vecFrom: ptr_vecFrom
graph/src/graph/graphblas/vector.rs	from	87	PROVEN	GBWGlue.vecFrom: ptr_vecFrom
graph/src/graph/graphblas/vector.rs	clear	96	AXIOMATISED	thin wrapper over one GrB/GxB call; C spec axiomatised; Info disposition debugAssert (GrbInfo.Disposition.run: swallowed in release)
graph/src/graph/graphblas/vector.rs	new	105	AXIOMATISED	thin wrapper over one GrB/GxB call; C spec axiomatised; Info disposition debugAssert (GrbInfo.Disposition.run: swallowed in release)
graph/src/graph/graphblas/vector.rs	set	121	AXIOMATISED	thin wrapper over one GrB/GxB call; C spec axiomatised; Info disposition debugAssert (GrbInfo.Disposition.run: swallowed in release)
graph/src/graph/graphblas/vector.rs	wait	132	AXIOMATISED	thin wrapper over one GrB/GxB call; C spec axiomatised; Info disposition debugAssert (GrbInfo.Disposition.run: swallowed in release)
graph/src/graph/graphblas/vector.rs	ptr	140	PROVEN	GBWGlue.VecH.ptr: ptr_vecFrom
graph/src/graph/graphblas/vector.rs	iter	146	PROVEN	Misc.vecDrain_eq; Iter carries no borrow (report: UAF)
graph/src/graph/graphblas/vector.rs	encode_blob	157	PROVEN	Index.blob_copy_in_bounds (u64->usize lossless on 64-bit)
graph/src/graph/graphblas/vector.rs	decode_blob	177	PROVEN	Codes.decodeBlob_is_dos: CONFIRMED crash bug_decode_blob_panics_on_corrupt_blob + live GRAPH.RESTORE
graph/src/graph/graphblas/vector.rs	encode	199	AXIOMATISED	thin wrapper over one GrB/GxB call; C spec axiomatised; Info disposition debugAssert (GrbInfo.Disposition.run: swallowed in release)
graph/src/graph/graphblas/vector.rs	decode	220	PROVEN	Codes.decodeU64_is_dos (same assert_eq! shape; unused by RESTORE today)
graph/src/graph/graphblas/vector.rs	encode	242	AXIOMATISED	thin wrapper over one GrB/GxB call; C spec axiomatised; Info disposition debugAssert (GrbInfo.Disposition.run: swallowed in release)
graph/src/graph/graphblas/vector.rs	decode	312	PROVEN	Codes.decodeBool_safe / decodeBool_never_dies; Index.blob_copy_in_bounds
graph/src/graph/graphblas/vector.rs	new	420	AXIOMATISED	thin wrapper over one GrB/GxB call; C spec axiomatised; Info disposition debugAssert (GrbInfo.Disposition.run: swallowed in release)
graph/src/graph/graphblas/vector.rs	set	436	AXIOMATISED	thin wrapper over one GrB/GxB call; C spec axiomatised; Info disposition debugAssert (GrbInfo.Disposition.run: swallowed in release)
graph/src/graph/graphblas/vector.rs	iter	449	PROVEN	Misc.vecDrain_eq; Iter carries no borrow (report: UAF)
graph/src/graph/graphblas/vector.rs	size	455	AXIOMATISED	thin wrapper over one GrB/GxB call; C spec axiomatised; Info disposition debugAssert (GrbInfo.Disposition.run: swallowed in release)
graph/src/graph/graphblas/vector.rs	resize	456	AXIOMATISED	thin wrapper over one GrB/GxB call; C spec axiomatised; Info disposition debugAssert (GrbInfo.Disposition.run: swallowed in release)
graph/src/graph/graphblas/vector.rs	set	464	AXIOMATISED	thin wrapper over one GrB/GxB call; C spec axiomatised; Info disposition debugAssert (GrbInfo.Disposition.run: swallowed in release)
graph/src/graph/graphblas/vector.rs	remove	472	AXIOMATISED	thin wrapper over one GrB/GxB call; C spec axiomatised; Info disposition debugAssert (GrbInfo.Disposition.run: swallowed in release)
graph/src/graph/graphblas/vector.rs	size	479	AXIOMATISED	thin wrapper over one GrB/GxB call; C spec axiomatised; Info disposition debugAssert (GrbInfo.Disposition.run: swallowed in release)
graph/src/graph/graphblas/vector.rs	resize	488	AXIOMATISED	thin wrapper over one GrB/GxB call; C spec axiomatised; Info disposition debugAssert (GrbInfo.Disposition.run: swallowed in release)
graph/src/graph/graphblas/vector.rs	set	501	AXIOMATISED	thin wrapper over one GrB/GxB call; C spec axiomatised; Info disposition debugAssert (GrbInfo.Disposition.run: swallowed in release)
graph/src/graph/graphblas/vector.rs	remove	514	AXIOMATISED	thin wrapper over one GrB/GxB call; C spec axiomatised; Info disposition debugAssert (GrbInfo.Disposition.run: swallowed in release)
graph/src/graph/graphblas/vector.rs	drop	532	AXIOMATISED	GrB_Vector_free / GxB_Iterator_free, single owner
graph/src/graph/graphblas/vector.rs	new	543	PROVEN	GBWGlue.vIterNew: vIterNew_depleted; UAF bug_vector_iter_outlives_vector
graph/src/graph/graphblas/vector.rs	next	572	PROVEN	Misc.vecDrain_eq / vecDrain_count
graph/src/graph/graphblas/vector.rs	next	587	PROVEN	Misc.vecDrain_eq / vecDrain_count
graph/src/graph/graphblas/mod.rs	GrB_init	8016	AXIOMATISED	bindgen extern decl (GraphBLAS C API); spec = GraphBLAS.h, used via GrbInfo/Index/RowIter axioms
graph/src/graph/graphblas/mod.rs	GrB_finalize	8019	AXIOMATISED	bindgen extern decl (GraphBLAS C API); spec = GraphBLAS.h, used via GrbInfo/Index/RowIter axioms
graph/src/graph/graphblas/mod.rs	GxB_init	8022	AXIOMATISED	bindgen extern decl (GraphBLAS C API); spec = GraphBLAS.h, used via GrbInfo/Index/RowIter axioms
graph/src/graph/graphblas/mod.rs	GxB_initialized	8042	AXIOMATISED	bindgen extern decl (GraphBLAS C API); spec = GraphBLAS.h, used via GrbInfo/Index/RowIter axioms
graph/src/graph/graphblas/mod.rs	GxB_finalized	8045	AXIOMATISED	bindgen extern decl (GraphBLAS C API); spec = GraphBLAS.h, used via GrbInfo/Index/RowIter axioms
graph/src/graph/graphblas/mod.rs	GxB_arena_init	8048	AXIOMATISED	bindgen extern decl (GraphBLAS C API); spec = GraphBLAS.h, used via GrbInfo/Index/RowIter axioms
graph/src/graph/graphblas/mod.rs	GxB_arena_initialized	8068	AXIOMATISED	bindgen extern decl (GraphBLAS C API); spec = GraphBLAS.h, used via GrbInfo/Index/RowIter axioms
graph/src/graph/graphblas/mod.rs	GxB_Matrix_set_arenas	8074	AXIOMATISED	bindgen extern decl (GraphBLAS C API); spec = GraphBLAS.h, used via GrbInfo/Index/RowIter axioms
graph/src/graph/graphblas/mod.rs	GxB_Vector_set_arenas	8081	AXIOMATISED	bindgen extern decl (GraphBLAS C API); spec = GraphBLAS.h, used via GrbInfo/Index/RowIter axioms
graph/src/graph/graphblas/mod.rs	GxB_Scalar_set_arenas	8088	AXIOMATISED	bindgen extern decl (GraphBLAS C API); spec = GraphBLAS.h, used via GrbInfo/Index/RowIter axioms
graph/src/graph/graphblas/mod.rs	GrB_Descriptor_new	8095	AXIOMATISED	bindgen extern decl (GraphBLAS C API); spec = GraphBLAS.h, used via GrbInfo/Index/RowIter axioms
graph/src/graph/graphblas/mod.rs	GxB_Descriptor_new_arena	8098	AXIOMATISED	bindgen extern decl (GraphBLAS C API); spec = GraphBLAS.h, used via GrbInfo/Index/RowIter axioms
graph/src/graph/graphblas/mod.rs	GrB_Type_new	8104	AXIOMATISED	bindgen extern decl (GraphBLAS C API); spec = GraphBLAS.h, used via GrbInfo/Index/RowIter axioms
graph/src/graph/graphblas/mod.rs	GxB_Type_new	8110	AXIOMATISED	bindgen extern decl (GraphBLAS C API); spec = GraphBLAS.h, used via GrbInfo/Index/RowIter axioms
graph/src/graph/graphblas/mod.rs	GxB_Type_new_arena	8118	AXIOMATISED	bindgen extern decl (GraphBLAS C API); spec = GraphBLAS.h, used via GrbInfo/Index/RowIter axioms
graph/src/graph/graphblas/mod.rs	GxB_Type_from_name	8127	AXIOMATISED	bindgen extern decl (GraphBLAS C API); spec = GraphBLAS.h, used via GrbInfo/Index/RowIter axioms
graph/src/graph/graphblas/mod.rs	GrB_UnaryOp_new	8133	AXIOMATISED	bindgen extern decl (GraphBLAS C API); spec = GraphBLAS.h, used via GrbInfo/Index/RowIter axioms
graph/src/graph/graphblas/mod.rs	GxB_UnaryOp_new	8141	AXIOMATISED	bindgen extern decl (GraphBLAS C API); spec = GraphBLAS.h, used via GrbInfo/Index/RowIter axioms
graph/src/graph/graphblas/mod.rs	GxB_UnaryOp_new_arena	8151	AXIOMATISED	bindgen extern decl (GraphBLAS C API); spec = GraphBLAS.h, used via GrbInfo/Index/RowIter axioms
graph/src/graph/graphblas/mod.rs	GrB_BinaryOp_new	8162	AXIOMATISED	bindgen extern decl (GraphBLAS C API); spec = GraphBLAS.h, used via GrbInfo/Index/RowIter axioms
graph/src/graph/graphblas/mod.rs	GxB_BinaryOp_new	8171	AXIOMATISED	bindgen extern decl (GraphBLAS C API); spec = GraphBLAS.h, used via GrbInfo/Index/RowIter axioms
graph/src/graph/graphblas/mod.rs	GxB_BinaryOp_new_arena	8182	AXIOMATISED	bindgen extern decl (GraphBLAS C API); spec = GraphBLAS.h, used via GrbInfo/Index/RowIter axioms
graph/src/graph/graphblas/mod.rs	GxB_IndexBinaryOp_new	8194	AXIOMATISED	bindgen extern decl (GraphBLAS C API); spec = GraphBLAS.h, used via GrbInfo/Index/RowIter axioms
graph/src/graph/graphblas/mod.rs	GxB_IndexBinaryOp_new_arena	8206	AXIOMATISED	bindgen extern decl (GraphBLAS C API); spec = GraphBLAS.h, used via GrbInfo/Index/RowIter axioms
graph/src/graph/graphblas/mod.rs	GxB_BinaryOp_new_IndexOp	8219	AXIOMATISED	bindgen extern decl (GraphBLAS C API); spec = GraphBLAS.h, used via GrbInfo/Index/RowIter axioms
graph/src/graph/graphblas/mod.rs	GxB_BinaryOp_new_IndexOp_arena	8226	AXIOMATISED	bindgen extern decl (GraphBLAS C API); spec = GraphBLAS.h, used via GrbInfo/Index/RowIter axioms
graph/src/graph/graphblas/mod.rs	GrB_IndexUnaryOp_new	8234	AXIOMATISED	bindgen extern decl (GraphBLAS C API); spec = GraphBLAS.h, used via GrbInfo/Index/RowIter axioms
graph/src/graph/graphblas/mod.rs	GxB_IndexUnaryOp_new	8243	AXIOMATISED	bindgen extern decl (GraphBLAS C API); spec = GraphBLAS.h, used via GrbInfo/Index/RowIter axioms
graph/src/graph/graphblas/mod.rs	GxB_IndexUnaryOp_new_arena	8254	AXIOMATISED	bindgen extern decl (GraphBLAS C API); spec = GraphBLAS.h, used via GrbInfo/Index/RowIter axioms
graph/src/graph/graphblas/mod.rs	GrB_Monoid_new_BOOL	8266	AXIOMATISED	bindgen extern decl (GraphBLAS C API); spec = GraphBLAS.h, used via GrbInfo/Index/RowIter axioms
graph/src/graph/graphblas/mod.rs	GrB_Monoid_new_INT8	8273	AXIOMATISED	bindgen extern decl (GraphBLAS C API); spec = GraphBLAS.h, used via GrbInfo/Index/RowIter axioms
graph/src/graph/graphblas/mod.rs	GrB_Monoid_new_INT16	8280	AXIOMATISED	bindgen extern decl (GraphBLAS C API); spec = GraphBLAS.h, used via GrbInfo/Index/RowIter axioms
graph/src/graph/graphblas/mod.rs	GrB_Monoid_new_INT32	8287	AXIOMATISED	bindgen extern decl (GraphBLAS C API); spec = GraphBLAS.h, used via GrbInfo/Index/RowIter axioms
graph/src/graph/graphblas/mod.rs	GrB_Monoid_new_INT64	8294	AXIOMATISED	bindgen extern decl (GraphBLAS C API); spec = GraphBLAS.h, used via GrbInfo/Index/RowIter axioms
graph/src/graph/graphblas/mod.rs	GrB_Monoid_new_UINT8	8301	AXIOMATISED	bindgen extern decl (GraphBLAS C API); spec = GraphBLAS.h, used via GrbInfo/Index/RowIter axioms
graph/src/graph/graphblas/mod.rs	GrB_Monoid_new_UINT16	8308	AXIOMATISED	bindgen extern decl (GraphBLAS C API); spec = GraphBLAS.h, used via GrbInfo/Index/RowIter axioms
graph/src/graph/graphblas/mod.rs	GrB_Monoid_new_UINT32	8315	AXIOMATISED	bindgen extern decl (GraphBLAS C API); spec = GraphBLAS.h, used via GrbInfo/Index/RowIter axioms
graph/src/graph/graphblas/mod.rs	GrB_Monoid_new_UINT64	8322	AXIOMATISED	bindgen extern decl (GraphBLAS C API); spec = GraphBLAS.h, used via GrbInfo/Index/RowIter axioms
graph/src/graph/graphblas/mod.rs	GrB_Monoid_new_FP32	8329	AXIOMATISED	bindgen extern decl (GraphBLAS C API); spec = GraphBLAS.h, used via GrbInfo/Index/RowIter axioms
graph/src/graph/graphblas/mod.rs	GrB_Monoid_new_FP64	8336	AXIOMATISED	bindgen extern decl (GraphBLAS C API); spec = GraphBLAS.h, used via GrbInfo/Index/RowIter axioms
graph/src/graph/graphblas/mod.rs	GxB_Monoid_new_FC32	8343	AXIOMATISED	bindgen extern decl (GraphBLAS C API); spec = GraphBLAS.h, used via GrbInfo/Index/RowIter axioms
graph/src/graph/graphblas/mod.rs	GxB_Monoid_new_FC64	8350	AXIOMATISED	bindgen extern decl (GraphBLAS C API); spec = GraphBLAS.h, used via GrbInfo/Index/RowIter axioms
graph/src/graph/graphblas/mod.rs	GrB_Monoid_new_UDT	8357	AXIOMATISED	bindgen extern decl (GraphBLAS C API); spec = GraphBLAS.h, used via GrbInfo/Index/RowIter axioms
graph/src/graph/graphblas/mod.rs	GxB_Monoid_new_arena_BOOL	8364	AXIOMATISED	bindgen extern decl (GraphBLAS C API); spec = GraphBLAS.h, used via GrbInfo/Index/RowIter axioms
graph/src/graph/graphblas/mod.rs	GxB_Monoid_new_arena_INT8	8372	AXIOMATISED	bindgen extern decl (GraphBLAS C API); spec = GraphBLAS.h, used via GrbInfo/Index/RowIter axioms
graph/src/graph/graphblas/mod.rs	GxB_Monoid_new_arena_INT16	8380	AXIOMATISED	bindgen extern decl (GraphBLAS C API); spec = GraphBLAS.h, used via GrbInfo/Index/RowIter axioms
graph/src/graph/graphblas/mod.rs	GxB_Monoid_new_arena_INT32	8388	AXIOMATISED	bindgen extern decl (GraphBLAS C API); spec = GraphBLAS.h, used via GrbInfo/Index/RowIter axioms
graph/src/graph/graphblas/mod.rs	GxB_Monoid_new_arena_INT64	8396	AXIOMATISED	bindgen extern decl (GraphBLAS C API); spec = GraphBLAS.h, used via GrbInfo/Index/RowIter axioms
graph/src/graph/graphblas/mod.rs	GxB_Monoid_new_arena_UINT8	8404	AXIOMATISED	bindgen extern decl (GraphBLAS C API); spec = GraphBLAS.h, used via GrbInfo/Index/RowIter axioms
graph/src/graph/graphblas/mod.rs	GxB_Monoid_new_arena_UINT16	8412	AXIOMATISED	bindgen extern decl (GraphBLAS C API); spec = GraphBLAS.h, used via GrbInfo/Index/RowIter axioms
graph/src/graph/graphblas/mod.rs	GxB_Monoid_new_arena_UINT32	8420	AXIOMATISED	bindgen extern decl (GraphBLAS C API); spec = GraphBLAS.h, used via GrbInfo/Index/RowIter axioms
graph/src/graph/graphblas/mod.rs	GxB_Monoid_new_arena_UINT64	8428	AXIOMATISED	bindgen extern decl (GraphBLAS C API); spec = GraphBLAS.h, used via GrbInfo/Index/RowIter axioms
graph/src/graph/graphblas/mod.rs	GxB_Monoid_new_arena_FP32	8436	AXIOMATISED	bindgen extern decl (GraphBLAS C API); spec = GraphBLAS.h, used via GrbInfo/Index/RowIter axioms
graph/src/graph/graphblas/mod.rs	GxB_Monoid_new_arena_FP64	8444	AXIOMATISED	bindgen extern decl (GraphBLAS C API); spec = GraphBLAS.h, used via GrbInfo/Index/RowIter axioms
graph/src/graph/graphblas/mod.rs	GxB_Monoid_new_arena_FC32	8452	AXIOMATISED	bindgen extern decl (GraphBLAS C API); spec = GraphBLAS.h, used via GrbInfo/Index/RowIter axioms
graph/src/graph/graphblas/mod.rs	GxB_Monoid_new_arena_FC64	8460	AXIOMATISED	bindgen extern decl (GraphBLAS C API); spec = GraphBLAS.h, used via GrbInfo/Index/RowIter axioms
graph/src/graph/graphblas/mod.rs	GxB_Monoid_new_arena_UDT	8468	AXIOMATISED	bindgen extern decl (GraphBLAS C API); spec = GraphBLAS.h, used via GrbInfo/Index/RowIter axioms
graph/src/graph/graphblas/mod.rs	GxB_Monoid_terminal_new_BOOL	8476	AXIOMATISED	bindgen extern decl (GraphBLAS C API); spec = GraphBLAS.h, used via GrbInfo/Index/RowIter axioms
graph/src/graph/graphblas/mod.rs	GxB_Monoid_terminal_new_INT8	8484	AXIOMATISED	bindgen extern decl (GraphBLAS C API); spec = GraphBLAS.h, used via GrbInfo/Index/RowIter axioms
graph/src/graph/graphblas/mod.rs	GxB_Monoid_terminal_new_INT16	8492	AXIOMATISED	bindgen extern decl (GraphBLAS C API); spec = GraphBLAS.h, used via GrbInfo/Index/RowIter axioms
graph/src/graph/graphblas/mod.rs	GxB_Monoid_terminal_new_INT32	8500	AXIOMATISED	bindgen extern decl (GraphBLAS C API); spec = GraphBLAS.h, used via GrbInfo/Index/RowIter axioms
graph/src/graph/graphblas/mod.rs	GxB_Monoid_terminal_new_INT64	8508	AXIOMATISED	bindgen extern decl (GraphBLAS C API); spec = GraphBLAS.h, used via GrbInfo/Index/RowIter axioms
graph/src/graph/graphblas/mod.rs	GxB_Monoid_terminal_new_UINT8	8516	AXIOMATISED	bindgen extern decl (GraphBLAS C API); spec = GraphBLAS.h, used via GrbInfo/Index/RowIter axioms
graph/src/graph/graphblas/mod.rs	GxB_Monoid_terminal_new_UINT16	8524	AXIOMATISED	bindgen extern decl (GraphBLAS C API); spec = GraphBLAS.h, used via GrbInfo/Index/RowIter axioms
graph/src/graph/graphblas/mod.rs	GxB_Monoid_terminal_new_UINT32	8532	AXIOMATISED	bindgen extern decl (GraphBLAS C API); spec = GraphBLAS.h, used via GrbInfo/Index/RowIter axioms
graph/src/graph/graphblas/mod.rs	GxB_Monoid_terminal_new_UINT64	8540	AXIOMATISED	bindgen extern decl (GraphBLAS C API); spec = GraphBLAS.h, used via GrbInfo/Index/RowIter axioms
graph/src/graph/graphblas/mod.rs	GxB_Monoid_terminal_new_FP32	8548	AXIOMATISED	bindgen extern decl (GraphBLAS C API); spec = GraphBLAS.h, used via GrbInfo/Index/RowIter axioms
graph/src/graph/graphblas/mod.rs	GxB_Monoid_terminal_new_FP64	8556	AXIOMATISED	bindgen extern decl (GraphBLAS C API); spec = GraphBLAS.h, used via GrbInfo/Index/RowIter axioms
graph/src/graph/graphblas/mod.rs	GxB_Monoid_terminal_new_FC32	8564	AXIOMATISED	bindgen extern decl (GraphBLAS C API); spec = GraphBLAS.h, used via GrbInfo/Index/RowIter axioms
graph/src/graph/graphblas/mod.rs	GxB_Monoid_terminal_new_FC64	8572	AXIOMATISED	bindgen extern decl (GraphBLAS C API); spec = GraphBLAS.h, used via GrbInfo/Index/RowIter axioms
graph/src/graph/graphblas/mod.rs	GxB_Monoid_terminal_new_UDT	8580	AXIOMATISED	bindgen extern decl (GraphBLAS C API); spec = GraphBLAS.h, used via GrbInfo/Index/RowIter axioms
graph/src/graph/graphblas/mod.rs	GxB_Monoid_terminal_new_arena_BOOL	8588	AXIOMATISED	bindgen extern decl (GraphBLAS C API); spec = GraphBLAS.h, used via GrbInfo/Index/RowIter axioms
graph/src/graph/graphblas/mod.rs	GxB_Monoid_terminal_new_arena_INT8	8597	AXIOMATISED	bindgen extern decl (GraphBLAS C API); spec = GraphBLAS.h, used via GrbInfo/Index/RowIter axioms
graph/src/graph/graphblas/mod.rs	GxB_Monoid_terminal_new_arena_INT16	8606	AXIOMATISED	bindgen extern decl (GraphBLAS C API); spec = GraphBLAS.h, used via GrbInfo/Index/RowIter axioms
graph/src/graph/graphblas/mod.rs	GxB_Monoid_terminal_new_arena_INT32	8615	AXIOMATISED	bindgen extern decl (GraphBLAS C API); spec = GraphBLAS.h, used via GrbInfo/Index/RowIter axioms
graph/src/graph/graphblas/mod.rs	GxB_Monoid_terminal_new_arena_INT64	8624	AXIOMATISED	bindgen extern decl (GraphBLAS C API); spec = GraphBLAS.h, used via GrbInfo/Index/RowIter axioms
graph/src/graph/graphblas/mod.rs	GxB_Monoid_terminal_new_arena_UINT8	8633	AXIOMATISED	bindgen extern decl (GraphBLAS C API); spec = GraphBLAS.h, used via GrbInfo/Index/RowIter axioms
graph/src/graph/graphblas/mod.rs	GxB_Monoid_terminal_new_arena_UINT16	8642	AXIOMATISED	bindgen extern decl (GraphBLAS C API); spec = GraphBLAS.h, used via GrbInfo/Index/RowIter axioms
graph/src/graph/graphblas/mod.rs	GxB_Monoid_terminal_new_arena_UINT32	8651	AXIOMATISED	bindgen extern decl (GraphBLAS C API); spec = GraphBLAS.h, used via GrbInfo/Index/RowIter axioms
graph/src/graph/graphblas/mod.rs	GxB_Monoid_terminal_new_arena_UINT64	8660	AXIOMATISED	bindgen extern decl (GraphBLAS C API); spec = GraphBLAS.h, used via GrbInfo/Index/RowIter axioms
graph/src/graph/graphblas/mod.rs	GxB_Monoid_terminal_new_arena_FP32	8669	AXIOMATISED	bindgen extern decl (GraphBLAS C API); spec = GraphBLAS.h, used via GrbInfo/Index/RowIter axioms
graph/src/graph/graphblas/mod.rs	GxB_Monoid_terminal_new_arena_FP64	8678	AXIOMATISED	bindgen extern decl (GraphBLAS C API); spec = GraphBLAS.h, used via GrbInfo/Index/RowIter axioms
graph/src/graph/graphblas/mod.rs	GxB_Monoid_terminal_new_arena_FC32	8687	AXIOMATISED	bindgen extern decl (GraphBLAS C API); spec = GraphBLAS.h, used via GrbInfo/Index/RowIter axioms
graph/src/graph/graphblas/mod.rs	GxB_Monoid_terminal_new_arena_FC64	8696	AXIOMATISED	bindgen extern decl (GraphBLAS C API); spec = GraphBLAS.h, used via GrbInfo/Index/RowIter axioms
graph/src/graph/graphblas/mod.rs	GxB_Monoid_terminal_new_arena_UDT	8705	AXIOMATISED	bindgen extern decl (GraphBLAS C API); spec = GraphBLAS.h, used via GrbInfo/Index/RowIter axioms
graph/src/graph/graphblas/mod.rs	GrB_Semiring_new	8714	AXIOMATISED	bindgen extern decl (GraphBLAS C API); spec = GraphBLAS.h, used via GrbInfo/Index/RowIter axioms
graph/src/graph/graphblas/mod.rs	GxB_Semiring_new_arena	8721	AXIOMATISED	bindgen extern decl (GraphBLAS C API); spec = GraphBLAS.h, used via GrbInfo/Index/RowIter axioms
graph/src/graph/graphblas/mod.rs	GrB_Scalar_new	8729	AXIOMATISED	bindgen extern decl (GraphBLAS C API); spec = GraphBLAS.h, used via GrbInfo/Index/RowIter axioms
graph/src/graph/graphblas/mod.rs	GrB_Scalar_dup	8735	AXIOMATISED	bindgen extern decl (GraphBLAS C API); spec = GraphBLAS.h, used via GrbInfo/Index/RowIter axioms
graph/src/graph/graphblas/mod.rs	GxB_Scalar_new_arena	8741	AXIOMATISED	bindgen extern decl (GraphBLAS C API); spec = GraphBLAS.h, used via GrbInfo/Index/RowIter axioms
graph/src/graph/graphblas/mod.rs	GxB_Scalar_dup_arena	8749	AXIOMATISED	bindgen extern decl (GraphBLAS C API); spec = GraphBLAS.h, used via GrbInfo/Index/RowIter axioms
graph/src/graph/graphblas/mod.rs	GrB_Scalar_clear	8757	AXIOMATISED	bindgen extern decl (GraphBLAS C API); spec = GraphBLAS.h, used via GrbInfo/Index/RowIter axioms
graph/src/graph/graphblas/mod.rs	GrB_Scalar_nvals	8760	AXIOMATISED	bindgen extern decl (GraphBLAS C API); spec = GraphBLAS.h, used via GrbInfo/Index/RowIter axioms
graph/src/graph/graphblas/mod.rs	GxB_Scalar_memoryUsage	8766	AXIOMATISED	bindgen extern decl (GraphBLAS C API); spec = GraphBLAS.h, used via GrbInfo/Index/RowIter axioms
graph/src/graph/graphblas/mod.rs	GxB_Scalar_type	8772	AXIOMATISED	bindgen extern decl (GraphBLAS C API); spec = GraphBLAS.h, used via GrbInfo/Index/RowIter axioms
graph/src/graph/graphblas/mod.rs	GrB_Scalar_setElement_BOOL	8778	AXIOMATISED	bindgen extern decl (GraphBLAS C API); spec = GraphBLAS.h, used via GrbInfo/Index/RowIter axioms
graph/src/graph/graphblas/mod.rs	GrB_Scalar_setElement_INT8	8784	AXIOMATISED	bindgen extern decl (GraphBLAS C API); spec = GraphBLAS.h, used via GrbInfo/Index/RowIter axioms
graph/src/graph/graphblas/mod.rs	GrB_Scalar_setElement_INT16	8790	AXIOMATISED	bindgen extern decl (GraphBLAS C API); spec = GraphBLAS.h, used via GrbInfo/Index/RowIter axioms
graph/src/graph/graphblas/mod.rs	GrB_Scalar_setElement_INT32	8796	AXIOMATISED	bindgen extern decl (GraphBLAS C API); spec = GraphBLAS.h, used via GrbInfo/Index/RowIter axioms
graph/src/graph/graphblas/mod.rs	GrB_Scalar_setElement_INT64	8802	AXIOMATISED	bindgen extern decl (GraphBLAS C API); spec = GraphBLAS.h, used via GrbInfo/Index/RowIter axioms
graph/src/graph/graphblas/mod.rs	GrB_Scalar_setElement_UINT8	8808	AXIOMATISED	bindgen extern decl (GraphBLAS C API); spec = GraphBLAS.h, used via GrbInfo/Index/RowIter axioms
graph/src/graph/graphblas/mod.rs	GrB_Scalar_setElement_UINT16	8814	AXIOMATISED	bindgen extern decl (GraphBLAS C API); spec = GraphBLAS.h, used via GrbInfo/Index/RowIter axioms
graph/src/graph/graphblas/mod.rs	GrB_Scalar_setElement_UINT32	8820	AXIOMATISED	bindgen extern decl (GraphBLAS C API); spec = GraphBLAS.h, used via GrbInfo/Index/RowIter axioms
graph/src/graph/graphblas/mod.rs	GrB_Scalar_setElement_UINT64	8826	AXIOMATISED	bindgen extern decl (GraphBLAS C API); spec = GraphBLAS.h, used via GrbInfo/Index/RowIter axioms
graph/src/graph/graphblas/mod.rs	GrB_Scalar_setElement_FP32	8832	AXIOMATISED	bindgen extern decl (GraphBLAS C API); spec = GraphBLAS.h, used via GrbInfo/Index/RowIter axioms
graph/src/graph/graphblas/mod.rs	GrB_Scalar_setElement_FP64	8838	AXIOMATISED	bindgen extern decl (GraphBLAS C API); spec = GraphBLAS.h, used via GrbInfo/Index/RowIter axioms
graph/src/graph/graphblas/mod.rs	GxB_Scalar_setElement_FC32	8844	AXIOMATISED	bindgen extern decl (GraphBLAS C API); spec = GraphBLAS.h, used via GrbInfo/Index/RowIter axioms
graph/src/graph/graphblas/mod.rs	GxB_Scalar_setElement_FC64	8850	AXIOMATISED	bindgen extern decl (GraphBLAS C API); spec = GraphBLAS.h, used via GrbInfo/Index/RowIter axioms
graph/src/graph/graphblas/mod.rs	GrB_Scalar_setElement_UDT	8856	AXIOMATISED	bindgen extern decl (GraphBLAS C API); spec = GraphBLAS.h, used via GrbInfo/Index/RowIter axioms
graph/src/graph/graphblas/mod.rs	GrB_Scalar_extractElement_BOOL	8862	AXIOMATISED	bindgen extern decl (GraphBLAS C API); spec = GraphBLAS.h, used via GrbInfo/Index/RowIter axioms
graph/src/graph/graphblas/mod.rs	GrB_Scalar_extractElement_INT8	8868	AXIOMATISED	bindgen extern decl (GraphBLAS C API); spec = GraphBLAS.h, used via GrbInfo/Index/RowIter axioms
graph/src/graph/graphblas/mod.rs	GrB_Scalar_extractElement_INT16	8874	AXIOMATISED	bindgen extern decl (GraphBLAS C API); spec = GraphBLAS.h, used via GrbInfo/Index/RowIter axioms
graph/src/graph/graphblas/mod.rs	GrB_Scalar_extractElement_INT32	8880	AXIOMATISED	bindgen extern decl (GraphBLAS C API); spec = GraphBLAS.h, used via GrbInfo/Index/RowIter axioms
graph/src/graph/graphblas/mod.rs	GrB_Scalar_extractElement_INT64	8886	AXIOMATISED	bindgen extern decl (GraphBLAS C API); spec = GraphBLAS.h, used via GrbInfo/Index/RowIter axioms
graph/src/graph/graphblas/mod.rs	GrB_Scalar_extractElement_UINT8	8892	AXIOMATISED	bindgen extern decl (GraphBLAS C API); spec = GraphBLAS.h, used via GrbInfo/Index/RowIter axioms
graph/src/graph/graphblas/mod.rs	GrB_Scalar_extractElement_UINT16	8898	AXIOMATISED	bindgen extern decl (GraphBLAS C API); spec = GraphBLAS.h, used via GrbInfo/Index/RowIter axioms
graph/src/graph/graphblas/mod.rs	GrB_Scalar_extractElement_UINT32	8904	AXIOMATISED	bindgen extern decl (GraphBLAS C API); spec = GraphBLAS.h, used via GrbInfo/Index/RowIter axioms
graph/src/graph/graphblas/mod.rs	GrB_Scalar_extractElement_UINT64	8910	AXIOMATISED	bindgen extern decl (GraphBLAS C API); spec = GraphBLAS.h, used via GrbInfo/Index/RowIter axioms
graph/src/graph/graphblas/mod.rs	GrB_Scalar_extractElement_FP32	8916	AXIOMATISED	bindgen extern decl (GraphBLAS C API); spec = GraphBLAS.h, used via GrbInfo/Index/RowIter axioms
graph/src/graph/graphblas/mod.rs	GrB_Scalar_extractElement_FP64	8922	AXIOMATISED	bindgen extern decl (GraphBLAS C API); spec = GraphBLAS.h, used via GrbInfo/Index/RowIter axioms
graph/src/graph/graphblas/mod.rs	GxB_Scalar_extractElement_FC32	8928	AXIOMATISED	bindgen extern decl (GraphBLAS C API); spec = GraphBLAS.h, used via GrbInfo/Index/RowIter axioms
graph/src/graph/graphblas/mod.rs	GxB_Scalar_extractElement_FC64	8934	AXIOMATISED	bindgen extern decl (GraphBLAS C API); spec = GraphBLAS.h, used via GrbInfo/Index/RowIter axioms
graph/src/graph/graphblas/mod.rs	GrB_Scalar_extractElement_UDT	8940	AXIOMATISED	bindgen extern decl (GraphBLAS C API); spec = GraphBLAS.h, used via GrbInfo/Index/RowIter axioms
graph/src/graph/graphblas/mod.rs	GrB_Vector_new	8946	AXIOMATISED	bindgen extern decl (GraphBLAS C API); spec = GraphBLAS.h, used via GrbInfo/Index/RowIter axioms
graph/src/graph/graphblas/mod.rs	GrB_Vector_dup	8953	AXIOMATISED	bindgen extern decl (GraphBLAS C API); spec = GraphBLAS.h, used via GrbInfo/Index/RowIter axioms
graph/src/graph/graphblas/mod.rs	GxB_Vector_new_arena	8959	AXIOMATISED	bindgen extern decl (GraphBLAS C API); spec = GraphBLAS.h, used via GrbInfo/Index/RowIter axioms
graph/src/graph/graphblas/mod.rs	GxB_Vector_dup_arena	8968	AXIOMATISED	bindgen extern decl (GraphBLAS C API); spec = GraphBLAS.h, used via GrbInfo/Index/RowIter axioms
graph/src/graph/graphblas/mod.rs	GrB_Vector_clear	8976	AXIOMATISED	bindgen extern decl (GraphBLAS C API); spec = GraphBLAS.h, used via GrbInfo/Index/RowIter axioms
graph/src/graph/graphblas/mod.rs	GrB_Vector_size	8979	AXIOMATISED	bindgen extern decl (GraphBLAS C API); spec = GraphBLAS.h, used via GrbInfo/Index/RowIter axioms
graph/src/graph/graphblas/mod.rs	GrB_Vector_nvals	8985	AXIOMATISED	bindgen extern decl (GraphBLAS C API); spec = GraphBLAS.h, used via GrbInfo/Index/RowIter axioms
graph/src/graph/graphblas/mod.rs	GxB_Vector_memoryUsage	8991	AXIOMATISED	bindgen extern decl (GraphBLAS C API); spec = GraphBLAS.h, used via GrbInfo/Index/RowIter axioms
graph/src/graph/graphblas/mod.rs	GxB_Vector_type	8997	AXIOMATISED	bindgen extern decl (GraphBLAS C API); spec = GraphBLAS.h, used via GrbInfo/Index/RowIter axioms
graph/src/graph/graphblas/mod.rs	GrB_Vector_build_BOOL	9003	AXIOMATISED	bindgen extern decl (GraphBLAS C API); spec = GraphBLAS.h, used via GrbInfo/Index/RowIter axioms
graph/src/graph/graphblas/mod.rs	GrB_Vector_build_INT8	9012	AXIOMATISED	bindgen extern decl (GraphBLAS C API); spec = GraphBLAS.h, used via GrbInfo/Index/RowIter axioms
graph/src/graph/graphblas/mod.rs	GrB_Vector_build_INT16	9021	AXIOMATISED	bindgen extern decl (GraphBLAS C API); spec = GraphBLAS.h, used via GrbInfo/Index/RowIter axioms
graph/src/graph/graphblas/mod.rs	GrB_Vector_build_INT32	9030	AXIOMATISED	bindgen extern decl (GraphBLAS C API); spec = GraphBLAS.h, used via GrbInfo/Index/RowIter axioms
graph/src/graph/graphblas/mod.rs	GrB_Vector_build_INT64	9039	AXIOMATISED	bindgen extern decl (GraphBLAS C API); spec = GraphBLAS.h, used via GrbInfo/Index/RowIter axioms
graph/src/graph/graphblas/mod.rs	GrB_Vector_build_UINT8	9048	AXIOMATISED	bindgen extern decl (GraphBLAS C API); spec = GraphBLAS.h, used via GrbInfo/Index/RowIter axioms
graph/src/graph/graphblas/mod.rs	GrB_Vector_build_UINT16	9057	AXIOMATISED	bindgen extern decl (GraphBLAS C API); spec = GraphBLAS.h, used via GrbInfo/Index/RowIter axioms
graph/src/graph/graphblas/mod.rs	GrB_Vector_build_UINT32	9066	AXIOMATISED	bindgen extern decl (GraphBLAS C API); spec = GraphBLAS.h, used via GrbInfo/Index/RowIter axioms
graph/src/graph/graphblas/mod.rs	GrB_Vector_build_UINT64	9075	AXIOMATISED	bindgen extern decl (GraphBLAS C API); spec = GraphBLAS.h, used via GrbInfo/Index/RowIter axioms
graph/src/graph/graphblas/mod.rs	GrB_Vector_build_FP32	9084	AXIOMATISED	bindgen extern decl (GraphBLAS C API); spec = GraphBLAS.h, used via GrbInfo/Index/RowIter axioms
graph/src/graph/graphblas/mod.rs	GrB_Vector_build_FP64	9093	AXIOMATISED	bindgen extern decl (GraphBLAS C API); spec = GraphBLAS.h, used via GrbInfo/Index/RowIter axioms
graph/src/graph/graphblas/mod.rs	GxB_Vector_build_FC32	9102	AXIOMATISED	bindgen extern decl (GraphBLAS C API); spec = GraphBLAS.h, used via GrbInfo/Index/RowIter axioms
graph/src/graph/graphblas/mod.rs	GxB_Vector_build_FC64	9111	AXIOMATISED	bindgen extern decl (GraphBLAS C API); spec = GraphBLAS.h, used via GrbInfo/Index/RowIter axioms
graph/src/graph/graphblas/mod.rs	GrB_Vector_build_UDT	9120	AXIOMATISED	bindgen extern decl (GraphBLAS C API); spec = GraphBLAS.h, used via GrbInfo/Index/RowIter axioms
graph/src/graph/graphblas/mod.rs	GxB_Vector_build_Vector	9129	AXIOMATISED	bindgen extern decl (GraphBLAS C API); spec = GraphBLAS.h, used via GrbInfo/Index/RowIter axioms
graph/src/graph/graphblas/mod.rs	GxB_Vector_build_Scalar	9138	AXIOMATISED	bindgen extern decl (GraphBLAS C API); spec = GraphBLAS.h, used via GrbInfo/Index/RowIter axioms
graph/src/graph/graphblas/mod.rs	GxB_Vector_build_Scalar_Vector	9146	AXIOMATISED	bindgen extern decl (GraphBLAS C API); spec = GraphBLAS.h, used via GrbInfo/Index/RowIter axioms
graph/src/graph/graphblas/mod.rs	GrB_Vector_setElement_BOOL	9154	AXIOMATISED	bindgen extern decl (GraphBLAS C API); spec = GraphBLAS.h, used via GrbInfo/Index/RowIter axioms
graph/src/graph/graphblas/mod.rs	GrB_Vector_setElement_INT8	9161	AXIOMATISED	bindgen extern decl (GraphBLAS C API); spec = GraphBLAS.h, used via GrbInfo/Index/RowIter axioms
graph/src/graph/graphblas/mod.rs	GrB_Vector_setElement_INT16	9168	AXIOMATISED	bindgen extern decl (GraphBLAS C API); spec = GraphBLAS.h, used via GrbInfo/Index/RowIter axioms
graph/src/graph/graphblas/mod.rs	GrB_Vector_setElement_INT32	9175	AXIOMATISED	bindgen extern decl (GraphBLAS C API); spec = GraphBLAS.h, used via GrbInfo/Index/RowIter axioms
graph/src/graph/graphblas/mod.rs	GrB_Vector_setElement_INT64	9182	AXIOMATISED	bindgen extern decl (GraphBLAS C API); spec = GraphBLAS.h, used via GrbInfo/Index/RowIter axioms
graph/src/graph/graphblas/mod.rs	GrB_Vector_setElement_UINT8	9189	AXIOMATISED	bindgen extern decl (GraphBLAS C API); spec = GraphBLAS.h, used via GrbInfo/Index/RowIter axioms
graph/src/graph/graphblas/mod.rs	GrB_Vector_setElement_UINT16	9196	AXIOMATISED	bindgen extern decl (GraphBLAS C API); spec = GraphBLAS.h, used via GrbInfo/Index/RowIter axioms
graph/src/graph/graphblas/mod.rs	GrB_Vector_setElement_UINT32	9203	AXIOMATISED	bindgen extern decl (GraphBLAS C API); spec = GraphBLAS.h, used via GrbInfo/Index/RowIter axioms
graph/src/graph/graphblas/mod.rs	GrB_Vector_setElement_UINT64	9210	AXIOMATISED	bindgen extern decl (GraphBLAS C API); spec = GraphBLAS.h, used via GrbInfo/Index/RowIter axioms
graph/src/graph/graphblas/mod.rs	GrB_Vector_setElement_FP32	9217	AXIOMATISED	bindgen extern decl (GraphBLAS C API); spec = GraphBLAS.h, used via GrbInfo/Index/RowIter axioms
graph/src/graph/graphblas/mod.rs	GrB_Vector_setElement_FP64	9224	AXIOMATISED	bindgen extern decl (GraphBLAS C API); spec = GraphBLAS.h, used via GrbInfo/Index/RowIter axioms
graph/src/graph/graphblas/mod.rs	GxB_Vector_setElement_FC32	9231	AXIOMATISED	bindgen extern decl (GraphBLAS C API); spec = GraphBLAS.h, used via GrbInfo/Index/RowIter axioms
graph/src/graph/graphblas/mod.rs	GxB_Vector_setElement_FC64	9238	AXIOMATISED	bindgen extern decl (GraphBLAS C API); spec = GraphBLAS.h, used via GrbInfo/Index/RowIter axioms
graph/src/graph/graphblas/mod.rs	GrB_Vector_setElement_UDT	9245	AXIOMATISED	bindgen extern decl (GraphBLAS C API); spec = GraphBLAS.h, used via GrbInfo/Index/RowIter axioms
graph/src/graph/graphblas/mod.rs	GrB_Vector_setElement_Scalar	9252	AXIOMATISED	bindgen extern decl (GraphBLAS C API); spec = GraphBLAS.h, used via GrbInfo/Index/RowIter axioms
graph/src/graph/graphblas/mod.rs	GrB_Vector_extractElement_BOOL	9259	AXIOMATISED	bindgen extern decl (GraphBLAS C API); spec = GraphBLAS.h, used via GrbInfo/Index/RowIter axioms
graph/src/graph/graphblas/mod.rs	GrB_Vector_extractElement_INT8	9266	AXIOMATISED	bindgen extern decl (GraphBLAS C API); spec = GraphBLAS.h, used via GrbInfo/Index/RowIter axioms
graph/src/graph/graphblas/mod.rs	GrB_Vector_extractElement_INT16	9273	AXIOMATISED	bindgen extern decl (GraphBLAS C API); spec = GraphBLAS.h, used via GrbInfo/Index/RowIter axioms
graph/src/graph/graphblas/mod.rs	GrB_Vector_extractElement_INT32	9280	AXIOMATISED	bindgen extern decl (GraphBLAS C API); spec = GraphBLAS.h, used via GrbInfo/Index/RowIter axioms
graph/src/graph/graphblas/mod.rs	GrB_Vector_extractElement_INT64	9287	AXIOMATISED	bindgen extern decl (GraphBLAS C API); spec = GraphBLAS.h, used via GrbInfo/Index/RowIter axioms
graph/src/graph/graphblas/mod.rs	GrB_Vector_extractElement_UINT8	9294	AXIOMATISED	bindgen extern decl (GraphBLAS C API); spec = GraphBLAS.h, used via GrbInfo/Index/RowIter axioms
graph/src/graph/graphblas/mod.rs	GrB_Vector_extractElement_UINT16	9301	AXIOMATISED	bindgen extern decl (GraphBLAS C API); spec = GraphBLAS.h, used via GrbInfo/Index/RowIter axioms
graph/src/graph/graphblas/mod.rs	GrB_Vector_extractElement_UINT32	9308	AXIOMATISED	bindgen extern decl (GraphBLAS C API); spec = GraphBLAS.h, used via GrbInfo/Index/RowIter axioms
graph/src/graph/graphblas/mod.rs	GrB_Vector_extractElement_UINT64	9315	AXIOMATISED	bindgen extern decl (GraphBLAS C API); spec = GraphBLAS.h, used via GrbInfo/Index/RowIter axioms
graph/src/graph/graphblas/mod.rs	GrB_Vector_extractElement_FP32	9322	AXIOMATISED	bindgen extern decl (GraphBLAS C API); spec = GraphBLAS.h, used via GrbInfo/Index/RowIter axioms
graph/src/graph/graphblas/mod.rs	GrB_Vector_extractElement_FP64	9329	AXIOMATISED	bindgen extern decl (GraphBLAS C API); spec = GraphBLAS.h, used via GrbInfo/Index/RowIter axioms
graph/src/graph/graphblas/mod.rs	GxB_Vector_extractElement_FC32	9336	AXIOMATISED	bindgen extern decl (GraphBLAS C API); spec = GraphBLAS.h, used via GrbInfo/Index/RowIter axioms
graph/src/graph/graphblas/mod.rs	GxB_Vector_extractElement_FC64	9343	AXIOMATISED	bindgen extern decl (GraphBLAS C API); spec = GraphBLAS.h, used via GrbInfo/Index/RowIter axioms
graph/src/graph/graphblas/mod.rs	GrB_Vector_extractElement_UDT	9350	AXIOMATISED	bindgen extern decl (GraphBLAS C API); spec = GraphBLAS.h, used via GrbInfo/Index/RowIter axioms
graph/src/graph/graphblas/mod.rs	GrB_Vector_extractElement_Scalar	9357	AXIOMATISED	bindgen extern decl (GraphBLAS C API); spec = GraphBLAS.h, used via GrbInfo/Index/RowIter axioms
graph/src/graph/graphblas/mod.rs	GxB_Vector_isStoredElement	9364	AXIOMATISED	bindgen extern decl (GraphBLAS C API); spec = GraphBLAS.h, used via GrbInfo/Index/RowIter axioms
graph/src/graph/graphblas/mod.rs	GrB_Vector_removeElement	9370	AXIOMATISED	bindgen extern decl (GraphBLAS C API); spec = GraphBLAS.h, used via GrbInfo/Index/RowIter axioms
graph/src/graph/graphblas/mod.rs	GrB_Vector_extractTuples_BOOL	9376	AXIOMATISED	bindgen extern decl (GraphBLAS C API); spec = GraphBLAS.h, used via GrbInfo/Index/RowIter axioms
graph/src/graph/graphblas/mod.rs	GrB_Vector_extractTuples_INT8	9384	AXIOMATISED	bindgen extern decl (GraphBLAS C API); spec = GraphBLAS.h, used via GrbInfo/Index/RowIter axioms
graph/src/graph/graphblas/mod.rs	GrB_Vector_extractTuples_INT16	9392	AXIOMATISED	bindgen extern decl (GraphBLAS C API); spec = GraphBLAS.h, used via GrbInfo/Index/RowIter axioms
graph/src/graph/graphblas/mod.rs	GrB_Vector_extractTuples_INT32	9400	AXIOMATISED	bindgen extern decl (GraphBLAS C API); spec = GraphBLAS.h, used via GrbInfo/Index/RowIter axioms
graph/src/graph/graphblas/mod.rs	GrB_Vector_extractTuples_INT64	9408	AXIOMATISED	bindgen extern decl (GraphBLAS C API); spec = GraphBLAS.h, used via GrbInfo/Index/RowIter axioms
graph/src/graph/graphblas/mod.rs	GrB_Vector_extractTuples_UINT8	9416	AXIOMATISED	bindgen extern decl (GraphBLAS C API); spec = GraphBLAS.h, used via GrbInfo/Index/RowIter axioms
graph/src/graph/graphblas/mod.rs	GrB_Vector_extractTuples_UINT16	9424	AXIOMATISED	bindgen extern decl (GraphBLAS C API); spec = GraphBLAS.h, used via GrbInfo/Index/RowIter axioms
graph/src/graph/graphblas/mod.rs	GrB_Vector_extractTuples_UINT32	9432	AXIOMATISED	bindgen extern decl (GraphBLAS C API); spec = GraphBLAS.h, used via GrbInfo/Index/RowIter axioms
graph/src/graph/graphblas/mod.rs	GrB_Vector_extractTuples_UINT64	9440	AXIOMATISED	bindgen extern decl (GraphBLAS C API); spec = GraphBLAS.h, used via GrbInfo/Index/RowIter axioms
graph/src/graph/graphblas/mod.rs	GrB_Vector_extractTuples_FP32	9448	AXIOMATISED	bindgen extern decl (GraphBLAS C API); spec = GraphBLAS.h, used via GrbInfo/Index/RowIter axioms
graph/src/graph/graphblas/mod.rs	GrB_Vector_extractTuples_FP64	9456	AXIOMATISED	bindgen extern decl (GraphBLAS C API); spec = GraphBLAS.h, used via GrbInfo/Index/RowIter axioms
graph/src/graph/graphblas/mod.rs	GxB_Vector_extractTuples_FC32	9464	AXIOMATISED	bindgen extern decl (GraphBLAS C API); spec = GraphBLAS.h, used via GrbInfo/Index/RowIter axioms
graph/src/graph/graphblas/mod.rs	GxB_Vector_extractTuples_FC64	9472	AXIOMATISED	bindgen extern decl (GraphBLAS C API); spec = GraphBLAS.h, used via GrbInfo/Index/RowIter axioms
graph/src/graph/graphblas/mod.rs	GrB_Vector_extractTuples_UDT	9480	AXIOMATISED	bindgen extern decl (GraphBLAS C API); spec = GraphBLAS.h, used via GrbInfo/Index/RowIter axioms
graph/src/graph/graphblas/mod.rs	GxB_Vector_extractTuples_Vector	9488	AXIOMATISED	bindgen extern decl (GraphBLAS C API); spec = GraphBLAS.h, used via GrbInfo/Index/RowIter axioms
graph/src/graph/graphblas/mod.rs	GrB_Matrix_new	9496	AXIOMATISED	bindgen extern decl (GraphBLAS C API); spec = GraphBLAS.h, used via GrbInfo/Index/RowIter axioms
graph/src/graph/graphblas/mod.rs	GrB_Matrix_dup	9504	AXIOMATISED	bindgen extern decl (GraphBLAS C API); spec = GraphBLAS.h, used via GrbInfo/Index/RowIter axioms
graph/src/graph/graphblas/mod.rs	GxB_Matrix_new_arena	9510	AXIOMATISED	bindgen extern decl (GraphBLAS C API); spec = GraphBLAS.h, used via GrbInfo/Index/RowIter axioms
graph/src/graph/graphblas/mod.rs	GxB_Matrix_dup_arena	9520	AXIOMATISED	bindgen extern decl (GraphBLAS C API); spec = GraphBLAS.h, used via GrbInfo/Index/RowIter axioms
graph/src/graph/graphblas/mod.rs	GrB_Matrix_clear	9528	AXIOMATISED	bindgen extern decl (GraphBLAS C API); spec = GraphBLAS.h, used via GrbInfo/Index/RowIter axioms
graph/src/graph/graphblas/mod.rs	GrB_Matrix_nrows	9531	AXIOMATISED	bindgen extern decl (GraphBLAS C API); spec = GraphBLAS.h, used via GrbInfo/Index/RowIter axioms
graph/src/graph/graphblas/mod.rs	GrB_Matrix_ncols	9537	AXIOMATISED	bindgen extern decl (GraphBLAS C API); spec = GraphBLAS.h, used via GrbInfo/Index/RowIter axioms
graph/src/graph/graphblas/mod.rs	GrB_Matrix_nvals	9543	AXIOMATISED	bindgen extern decl (GraphBLAS C API); spec = GraphBLAS.h, used via GrbInfo/Index/RowIter axioms
graph/src/graph/graphblas/mod.rs	GxB_Matrix_memoryUsage	9549	AXIOMATISED	bindgen extern decl (GraphBLAS C API); spec = GraphBLAS.h, used via GrbInfo/Index/RowIter axioms
graph/src/graph/graphblas/mod.rs	GxB_Matrix_type	9555	AXIOMATISED	bindgen extern decl (GraphBLAS C API); spec = GraphBLAS.h, used via GrbInfo/Index/RowIter axioms
graph/src/graph/graphblas/mod.rs	GrB_Matrix_build_BOOL	9561	AXIOMATISED	bindgen extern decl (GraphBLAS C API); spec = GraphBLAS.h, used via GrbInfo/Index/RowIter axioms
graph/src/graph/graphblas/mod.rs	GrB_Matrix_build_INT8	9571	AXIOMATISED	bindgen extern decl (GraphBLAS C API); spec = GraphBLAS.h, used via GrbInfo/Index/RowIter axioms
graph/src/graph/graphblas/mod.rs	GrB_Matrix_build_INT16	9581	AXIOMATISED	bindgen extern decl (GraphBLAS C API); spec = GraphBLAS.h, used via GrbInfo/Index/RowIter axioms
graph/src/graph/graphblas/mod.rs	GrB_Matrix_build_INT32	9591	AXIOMATISED	bindgen extern decl (GraphBLAS C API); spec = GraphBLAS.h, used via GrbInfo/Index/RowIter axioms
graph/src/graph/graphblas/mod.rs	GrB_Matrix_build_INT64	9601	AXIOMATISED	bindgen extern decl (GraphBLAS C API); spec = GraphBLAS.h, used via GrbInfo/Index/RowIter axioms
graph/src/graph/graphblas/mod.rs	GrB_Matrix_build_UINT8	9611	AXIOMATISED	bindgen extern decl (GraphBLAS C API); spec = GraphBLAS.h, used via GrbInfo/Index/RowIter axioms
graph/src/graph/graphblas/mod.rs	GrB_Matrix_build_UINT16	9621	AXIOMATISED	bindgen extern decl (GraphBLAS C API); spec = GraphBLAS.h, used via GrbInfo/Index/RowIter axioms
graph/src/graph/graphblas/mod.rs	GrB_Matrix_build_UINT32	9631	AXIOMATISED	bindgen extern decl (GraphBLAS C API); spec = GraphBLAS.h, used via GrbInfo/Index/RowIter axioms
graph/src/graph/graphblas/mod.rs	GrB_Matrix_build_UINT64	9641	AXIOMATISED	bindgen extern decl (GraphBLAS C API); spec = GraphBLAS.h, used via GrbInfo/Index/RowIter axioms
graph/src/graph/graphblas/mod.rs	GrB_Matrix_build_FP32	9651	AXIOMATISED	bindgen extern decl (GraphBLAS C API); spec = GraphBLAS.h, used via GrbInfo/Index/RowIter axioms
graph/src/graph/graphblas/mod.rs	GrB_Matrix_build_FP64	9661	AXIOMATISED	bindgen extern decl (GraphBLAS C API); spec = GraphBLAS.h, used via GrbInfo/Index/RowIter axioms
graph/src/graph/graphblas/mod.rs	GxB_Matrix_build_FC32	9671	AXIOMATISED	bindgen extern decl (GraphBLAS C API); spec = GraphBLAS.h, used via GrbInfo/Index/RowIter axioms
graph/src/graph/graphblas/mod.rs	GxB_Matrix_build_FC64	9681	AXIOMATISED	bindgen extern decl (GraphBLAS C API); spec = GraphBLAS.h, used via GrbInfo/Index/RowIter axioms
graph/src/graph/graphblas/mod.rs	GrB_Matrix_build_UDT	9691	AXIOMATISED	bindgen extern decl (GraphBLAS C API); spec = GraphBLAS.h, used via GrbInfo/Index/RowIter axioms
graph/src/graph/graphblas/mod.rs	GxB_Matrix_build_Vector	9701	AXIOMATISED	bindgen extern decl (GraphBLAS C API); spec = GraphBLAS.h, used via GrbInfo/Index/RowIter axioms
graph/src/graph/graphblas/mod.rs	GxB_Matrix_build_Scalar	9711	AXIOMATISED	bindgen extern decl (GraphBLAS C API); spec = GraphBLAS.h, used via GrbInfo/Index/RowIter axioms
graph/src/graph/graphblas/mod.rs	GxB_Matrix_build_Scalar_Vector	9720	AXIOMATISED	bindgen extern decl (GraphBLAS C API); spec = GraphBLAS.h, used via GrbInfo/Index/RowIter axioms
graph/src/graph/graphblas/mod.rs	GrB_Matrix_setElement_Scalar	9729	AXIOMATISED	bindgen extern decl (GraphBLAS C API); spec = GraphBLAS.h, used via GrbInfo/Index/RowIter axioms
graph/src/graph/graphblas/mod.rs	GrB_Matrix_setElement_BOOL	9737	AXIOMATISED	bindgen extern decl (GraphBLAS C API); spec = GraphBLAS.h, used via GrbInfo/Index/RowIter axioms
graph/src/graph/graphblas/mod.rs	GrB_Matrix_setElement_INT8	9745	AXIOMATISED	bindgen extern decl (GraphBLAS C API); spec = GraphBLAS.h, used via GrbInfo/Index/RowIter axioms
graph/src/graph/graphblas/mod.rs	GrB_Matrix_setElement_INT16	9753	AXIOMATISED	bindgen extern decl (GraphBLAS C API); spec = GraphBLAS.h, used via GrbInfo/Index/RowIter axioms
graph/src/graph/graphblas/mod.rs	GrB_Matrix_setElement_INT32	9761	AXIOMATISED	bindgen extern decl (GraphBLAS C API); spec = GraphBLAS.h, used via GrbInfo/Index/RowIter axioms
graph/src/graph/graphblas/mod.rs	GrB_Matrix_setElement_INT64	9769	AXIOMATISED	bindgen extern decl (GraphBLAS C API); spec = GraphBLAS.h, used via GrbInfo/Index/RowIter axioms
graph/src/graph/graphblas/mod.rs	GrB_Matrix_setElement_UINT8	9777	AXIOMATISED	bindgen extern decl (GraphBLAS C API); spec = GraphBLAS.h, used via GrbInfo/Index/RowIter axioms
graph/src/graph/graphblas/mod.rs	GrB_Matrix_setElement_UINT16	9785	AXIOMATISED	bindgen extern decl (GraphBLAS C API); spec = GraphBLAS.h, used via GrbInfo/Index/RowIter axioms
graph/src/graph/graphblas/mod.rs	GrB_Matrix_setElement_UINT32	9793	AXIOMATISED	bindgen extern decl (GraphBLAS C API); spec = GraphBLAS.h, used via GrbInfo/Index/RowIter axioms
graph/src/graph/graphblas/mod.rs	GrB_Matrix_setElement_UINT64	9801	AXIOMATISED	bindgen extern decl (GraphBLAS C API); spec = GraphBLAS.h, used via GrbInfo/Index/RowIter axioms
graph/src/graph/graphblas/mod.rs	GrB_Matrix_setElement_FP32	9809	AXIOMATISED	bindgen extern decl (GraphBLAS C API); spec = GraphBLAS.h, used via GrbInfo/Index/RowIter axioms
graph/src/graph/graphblas/mod.rs	GrB_Matrix_setElement_FP64	9817	AXIOMATISED	bindgen extern decl (GraphBLAS C API); spec = GraphBLAS.h, used via GrbInfo/Index/RowIter axioms
graph/src/graph/graphblas/mod.rs	GxB_Matrix_setElement_FC32	9825	AXIOMATISED	bindgen extern decl (GraphBLAS C API); spec = GraphBLAS.h, used via GrbInfo/Index/RowIter axioms
graph/src/graph/graphblas/mod.rs	GxB_Matrix_setElement_FC64	9833	AXIOMATISED	bindgen extern decl (GraphBLAS C API); spec = GraphBLAS.h, used via GrbInfo/Index/RowIter axioms
graph/src/graph/graphblas/mod.rs	GrB_Matrix_setElement_UDT	9841	AXIOMATISED	bindgen extern decl (GraphBLAS C API); spec = GraphBLAS.h, used via GrbInfo/Index/RowIter axioms
graph/src/graph/graphblas/mod.rs	GrB_Matrix_extractElement_BOOL	9849	AXIOMATISED	bindgen extern decl (GraphBLAS C API); spec = GraphBLAS.h, used via GrbInfo/Index/RowIter axioms
graph/src/graph/graphblas/mod.rs	GrB_Matrix_extractElement_INT8	9857	AXIOMATISED	bindgen extern decl (GraphBLAS C API); spec = GraphBLAS.h, used via GrbInfo/Index/RowIter axioms
graph/src/graph/graphblas/mod.rs	GrB_Matrix_extractElement_INT16	9865	AXIOMATISED	bindgen extern decl (GraphBLAS C API); spec = GraphBLAS.h, used via GrbInfo/Index/RowIter axioms
graph/src/graph/graphblas/mod.rs	GrB_Matrix_extractElement_INT32	9873	AXIOMATISED	bindgen extern decl (GraphBLAS C API); spec = GraphBLAS.h, used via GrbInfo/Index/RowIter axioms
graph/src/graph/graphblas/mod.rs	GrB_Matrix_extractElement_INT64	9881	AXIOMATISED	bindgen extern decl (GraphBLAS C API); spec = GraphBLAS.h, used via GrbInfo/Index/RowIter axioms
graph/src/graph/graphblas/mod.rs	GrB_Matrix_extractElement_UINT8	9889	AXIOMATISED	bindgen extern decl (GraphBLAS C API); spec = GraphBLAS.h, used via GrbInfo/Index/RowIter axioms
graph/src/graph/graphblas/mod.rs	GrB_Matrix_extractElement_UINT16	9897	AXIOMATISED	bindgen extern decl (GraphBLAS C API); spec = GraphBLAS.h, used via GrbInfo/Index/RowIter axioms
graph/src/graph/graphblas/mod.rs	GrB_Matrix_extractElement_UINT32	9905	AXIOMATISED	bindgen extern decl (GraphBLAS C API); spec = GraphBLAS.h, used via GrbInfo/Index/RowIter axioms
graph/src/graph/graphblas/mod.rs	GrB_Matrix_extractElement_UINT64	9913	AXIOMATISED	bindgen extern decl (GraphBLAS C API); spec = GraphBLAS.h, used via GrbInfo/Index/RowIter axioms
graph/src/graph/graphblas/mod.rs	GrB_Matrix_extractElement_FP32	9921	AXIOMATISED	bindgen extern decl (GraphBLAS C API); spec = GraphBLAS.h, used via GrbInfo/Index/RowIter axioms
graph/src/graph/graphblas/mod.rs	GrB_Matrix_extractElement_FP64	9929	AXIOMATISED	bindgen extern decl (GraphBLAS C API); spec = GraphBLAS.h, used via GrbInfo/Index/RowIter axioms
graph/src/graph/graphblas/mod.rs	GxB_Matrix_extractElement_FC32	9937	AXIOMATISED	bindgen extern decl (GraphBLAS C API); spec = GraphBLAS.h, used via GrbInfo/Index/RowIter axioms
graph/src/graph/graphblas/mod.rs	GxB_Matrix_extractElement_FC64	9945	AXIOMATISED	bindgen extern decl (GraphBLAS C API); spec = GraphBLAS.h, used via GrbInfo/Index/RowIter axioms
graph/src/graph/graphblas/mod.rs	GrB_Matrix_extractElement_UDT	9953	AXIOMATISED	bindgen extern decl (GraphBLAS C API); spec = GraphBLAS.h, used via GrbInfo/Index/RowIter axioms
graph/src/graph/graphblas/mod.rs	GrB_Matrix_extractElement_Scalar	9961	AXIOMATISED	bindgen extern decl (GraphBLAS C API); spec = GraphBLAS.h, used via GrbInfo/Index/RowIter axioms
graph/src/graph/graphblas/mod.rs	GxB_Matrix_isStoredElement	9969	AXIOMATISED	bindgen extern decl (GraphBLAS C API); spec = GraphBLAS.h, used via GrbInfo/Index/RowIter axioms
graph/src/graph/graphblas/mod.rs	GrB_Matrix_removeElement	9976	AXIOMATISED	bindgen extern decl (GraphBLAS C API); spec = GraphBLAS.h, used via GrbInfo/Index/RowIter axioms
graph/src/graph/graphblas/mod.rs	GrB_Matrix_extractTuples_BOOL	9983	AXIOMATISED	bindgen extern decl (GraphBLAS C API); spec = GraphBLAS.h, used via GrbInfo/Index/RowIter axioms
graph/src/graph/graphblas/mod.rs	GrB_Matrix_extractTuples_INT8	9992	AXIOMATISED	bindgen extern decl (GraphBLAS C API); spec = GraphBLAS.h, used via GrbInfo/Index/RowIter axioms
graph/src/graph/graphblas/mod.rs	GrB_Matrix_extractTuples_INT16	10001	AXIOMATISED	bindgen extern decl (GraphBLAS C API); spec = GraphBLAS.h, used via GrbInfo/Index/RowIter axioms
graph/src/graph/graphblas/mod.rs	GrB_Matrix_extractTuples_INT32	10010	AXIOMATISED	bindgen extern decl (GraphBLAS C API); spec = GraphBLAS.h, used via GrbInfo/Index/RowIter axioms
graph/src/graph/graphblas/mod.rs	GrB_Matrix_extractTuples_INT64	10019	AXIOMATISED	bindgen extern decl (GraphBLAS C API); spec = GraphBLAS.h, used via GrbInfo/Index/RowIter axioms
graph/src/graph/graphblas/mod.rs	GrB_Matrix_extractTuples_UINT8	10028	AXIOMATISED	bindgen extern decl (GraphBLAS C API); spec = GraphBLAS.h, used via GrbInfo/Index/RowIter axioms
graph/src/graph/graphblas/mod.rs	GrB_Matrix_extractTuples_UINT16	10037	AXIOMATISED	bindgen extern decl (GraphBLAS C API); spec = GraphBLAS.h, used via GrbInfo/Index/RowIter axioms
graph/src/graph/graphblas/mod.rs	GrB_Matrix_extractTuples_UINT32	10046	AXIOMATISED	bindgen extern decl (GraphBLAS C API); spec = GraphBLAS.h, used via GrbInfo/Index/RowIter axioms
graph/src/graph/graphblas/mod.rs	GrB_Matrix_extractTuples_UINT64	10055	AXIOMATISED	bindgen extern decl (GraphBLAS C API); spec = GraphBLAS.h, used via GrbInfo/Index/RowIter axioms
graph/src/graph/graphblas/mod.rs	GrB_Matrix_extractTuples_FP32	10064	AXIOMATISED	bindgen extern decl (GraphBLAS C API); spec = GraphBLAS.h, used via GrbInfo/Index/RowIter axioms
graph/src/graph/graphblas/mod.rs	GrB_Matrix_extractTuples_FP64	10073	AXIOMATISED	bindgen extern decl (GraphBLAS C API); spec = GraphBLAS.h, used via GrbInfo/Index/RowIter axioms
graph/src/graph/graphblas/mod.rs	GxB_Matrix_extractTuples_FC32	10082	AXIOMATISED	bindgen extern decl (GraphBLAS C API); spec = GraphBLAS.h, used via GrbInfo/Index/RowIter axioms
graph/src/graph/graphblas/mod.rs	GxB_Matrix_extractTuples_FC64	10091	AXIOMATISED	bindgen extern decl (GraphBLAS C API); spec = GraphBLAS.h, used via GrbInfo/Index/RowIter axioms
graph/src/graph/graphblas/mod.rs	GrB_Matrix_extractTuples_UDT	10100	AXIOMATISED	bindgen extern decl (GraphBLAS C API); spec = GraphBLAS.h, used via GrbInfo/Index/RowIter axioms
graph/src/graph/graphblas/mod.rs	GxB_Matrix_extractTuples_Vector	10109	AXIOMATISED	bindgen extern decl (GraphBLAS C API); spec = GraphBLAS.h, used via GrbInfo/Index/RowIter axioms
graph/src/graph/graphblas/mod.rs	GxB_Matrix_concat	10118	AXIOMATISED	bindgen extern decl (GraphBLAS C API); spec = GraphBLAS.h, used via GrbInfo/Index/RowIter axioms
graph/src/graph/graphblas/mod.rs	GxB_Matrix_split	10127	AXIOMATISED	bindgen extern decl (GraphBLAS C API); spec = GraphBLAS.h, used via GrbInfo/Index/RowIter axioms
graph/src/graph/graphblas/mod.rs	GxB_Matrix_split_arena	10138	AXIOMATISED	bindgen extern decl (GraphBLAS C API); spec = GraphBLAS.h, used via GrbInfo/Index/RowIter axioms
graph/src/graph/graphblas/mod.rs	GrB_Matrix_diag	10151	AXIOMATISED	bindgen extern decl (GraphBLAS C API); spec = GraphBLAS.h, used via GrbInfo/Index/RowIter axioms
graph/src/graph/graphblas/mod.rs	GxB_Matrix_diag_arena	10158	AXIOMATISED	bindgen extern decl (GraphBLAS C API); spec = GraphBLAS.h, used via GrbInfo/Index/RowIter axioms
graph/src/graph/graphblas/mod.rs	GxB_Matrix_diag	10167	AXIOMATISED	bindgen extern decl (GraphBLAS C API); spec = GraphBLAS.h, used via GrbInfo/Index/RowIter axioms
graph/src/graph/graphblas/mod.rs	GxB_Vector_diag	10175	AXIOMATISED	bindgen extern decl (GraphBLAS C API); spec = GraphBLAS.h, used via GrbInfo/Index/RowIter axioms
graph/src/graph/graphblas/mod.rs	GxB_Context_new	10183	AXIOMATISED	bindgen extern decl (GraphBLAS C API); spec = GraphBLAS.h, used via GrbInfo/Index/RowIter axioms
graph/src/graph/graphblas/mod.rs	GxB_Context_new_arena	10186	AXIOMATISED	bindgen extern decl (GraphBLAS C API); spec = GraphBLAS.h, used via GrbInfo/Index/RowIter axioms
graph/src/graph/graphblas/mod.rs	GxB_Context_engage	10192	AXIOMATISED	bindgen extern decl (GraphBLAS C API); spec = GraphBLAS.h, used via GrbInfo/Index/RowIter axioms
graph/src/graph/graphblas/mod.rs	GxB_Context_disengage	10195	AXIOMATISED	bindgen extern decl (GraphBLAS C API); spec = GraphBLAS.h, used via GrbInfo/Index/RowIter axioms
graph/src/graph/graphblas/mod.rs	GrB_Scalar_get_Scalar	10198	AXIOMATISED	bindgen extern decl (GraphBLAS C API); spec = GraphBLAS.h, used via GrbInfo/Index/RowIter axioms
graph/src/graph/graphblas/mod.rs	GrB_Scalar_get_String	10205	AXIOMATISED	bindgen extern decl (GraphBLAS C API); spec = GraphBLAS.h, used via GrbInfo/Index/RowIter axioms
graph/src/graph/graphblas/mod.rs	GrB_Scalar_get_INT32	10212	AXIOMATISED	bindgen extern decl (GraphBLAS C API); spec = GraphBLAS.h, used via GrbInfo/Index/RowIter axioms
graph/src/graph/graphblas/mod.rs	GrB_Scalar_get_SIZE	10219	AXIOMATISED	bindgen extern decl (GraphBLAS C API); spec = GraphBLAS.h, used via GrbInfo/Index/RowIter axioms
graph/src/graph/graphblas/mod.rs	GrB_Scalar_get_VOID	10226	AXIOMATISED	bindgen extern decl (GraphBLAS C API); spec = GraphBLAS.h, used via GrbInfo/Index/RowIter axioms
graph/src/graph/graphblas/mod.rs	GrB_Vector_get_Scalar	10233	AXIOMATISED	bindgen extern decl (GraphBLAS C API); spec = GraphBLAS.h, used via GrbInfo/Index/RowIter axioms
graph/src/graph/graphblas/mod.rs	GrB_Vector_get_String	10240	AXIOMATISED	bindgen extern decl (GraphBLAS C API); spec = GraphBLAS.h, used via GrbInfo/Index/RowIter axioms
graph/src/graph/graphblas/mod.rs	GrB_Vector_get_INT32	10247	AXIOMATISED	bindgen extern decl (GraphBLAS C API); spec = GraphBLAS.h, used via GrbInfo/Index/RowIter axioms
graph/src/graph/graphblas/mod.rs	GrB_Vector_get_SIZE	10254	AXIOMATISED	bindgen extern decl (GraphBLAS C API); spec = GraphBLAS.h, used via GrbInfo/Index/RowIter axioms
graph/src/graph/graphblas/mod.rs	GrB_Vector_get_VOID	10261	AXIOMATISED	bindgen extern decl (GraphBLAS C API); spec = GraphBLAS.h, used via GrbInfo/Index/RowIter axioms
graph/src/graph/graphblas/mod.rs	GrB_Matrix_get_Scalar	10268	AXIOMATISED	bindgen extern decl (GraphBLAS C API); spec = GraphBLAS.h, used via GrbInfo/Index/RowIter axioms
graph/src/graph/graphblas/mod.rs	GrB_Matrix_get_String	10275	AXIOMATISED	bindgen extern decl (GraphBLAS C API); spec = GraphBLAS.h, used via GrbInfo/Index/RowIter axioms
graph/src/graph/graphblas/mod.rs	GrB_Matrix_get_INT32	10282	AXIOMATISED	bindgen extern decl (GraphBLAS C API); spec = GraphBLAS.h, used via GrbInfo/Index/RowIter axioms
graph/src/graph/graphblas/mod.rs	GrB_Matrix_get_SIZE	10289	AXIOMATISED	bindgen extern decl (GraphBLAS C API); spec = GraphBLAS.h, used via GrbInfo/Index/RowIter axioms
graph/src/graph/graphblas/mod.rs	GrB_Matrix_get_VOID	10296	AXIOMATISED	bindgen extern decl (GraphBLAS C API); spec = GraphBLAS.h, used via GrbInfo/Index/RowIter axioms
graph/src/graph/graphblas/mod.rs	GrB_UnaryOp_get_Scalar	10303	AXIOMATISED	bindgen extern decl (GraphBLAS C API); spec = GraphBLAS.h, used via GrbInfo/Index/RowIter axioms
graph/src/graph/graphblas/mod.rs	GrB_UnaryOp_get_String	10310	AXIOMATISED	bindgen extern decl (GraphBLAS C API); spec = GraphBLAS.h, used via GrbInfo/Index/RowIter axioms
graph/src/graph/graphblas/mod.rs	GrB_UnaryOp_get_INT32	10317	AXIOMATISED	bindgen extern decl (GraphBLAS C API); spec = GraphBLAS.h, used via GrbInfo/Index/RowIter axioms
graph/src/graph/graphblas/mod.rs	GrB_UnaryOp_get_SIZE	10324	AXIOMATISED	bindgen extern decl (GraphBLAS C API); spec = GraphBLAS.h, used via GrbInfo/Index/RowIter axioms
graph/src/graph/graphblas/mod.rs	GrB_UnaryOp_get_VOID	10331	AXIOMATISED	bindgen extern decl (GraphBLAS C API); spec = GraphBLAS.h, used via GrbInfo/Index/RowIter axioms
graph/src/graph/graphblas/mod.rs	GrB_IndexUnaryOp_get_Scalar	10338	AXIOMATISED	bindgen extern decl (GraphBLAS C API); spec = GraphBLAS.h, used via GrbInfo/Index/RowIter axioms
graph/src/graph/graphblas/mod.rs	GrB_IndexUnaryOp_get_String	10345	AXIOMATISED	bindgen extern decl (GraphBLAS C API); spec = GraphBLAS.h, used via GrbInfo/Index/RowIter axioms
graph/src/graph/graphblas/mod.rs	GrB_IndexUnaryOp_get_INT32	10352	AXIOMATISED	bindgen extern decl (GraphBLAS C API); spec = GraphBLAS.h, used via GrbInfo/Index/RowIter axioms
graph/src/graph/graphblas/mod.rs	GrB_IndexUnaryOp_get_SIZE	10359	AXIOMATISED	bindgen extern decl (GraphBLAS C API); spec = GraphBLAS.h, used via GrbInfo/Index/RowIter axioms
graph/src/graph/graphblas/mod.rs	GrB_IndexUnaryOp_get_VOID	10366	AXIOMATISED	bindgen extern decl (GraphBLAS C API); spec = GraphBLAS.h, used via GrbInfo/Index/RowIter axioms
graph/src/graph/graphblas/mod.rs	GxB_IndexBinaryOp_get_Scalar	10373	AXIOMATISED	bindgen extern decl (GraphBLAS C API); spec = GraphBLAS.h, used via GrbInfo/Index/RowIter axioms
graph/src/graph/graphblas/mod.rs	GxB_IndexBinaryOp_get_String	10380	AXIOMATISED	bindgen extern decl (GraphBLAS C API); spec = GraphBLAS.h, used via GrbInfo/Index/RowIter axioms
graph/src/graph/graphblas/mod.rs	GxB_IndexBinaryOp_get_INT32	10387	AXIOMATISED	bindgen extern decl (GraphBLAS C API); spec = GraphBLAS.h, used via GrbInfo/Index/RowIter axioms
graph/src/graph/graphblas/mod.rs	GxB_IndexBinaryOp_get_SIZE	10394	AXIOMATISED	bindgen extern decl (GraphBLAS C API); spec = GraphBLAS.h, used via GrbInfo/Index/RowIter axioms
graph/src/graph/graphblas/mod.rs	GxB_IndexBinaryOp_get_VOID	10401	AXIOMATISED	bindgen extern decl (GraphBLAS C API); spec = GraphBLAS.h, used via GrbInfo/Index/RowIter axioms
graph/src/graph/graphblas/mod.rs	GrB_BinaryOp_get_Scalar	10408	AXIOMATISED	bindgen extern decl (GraphBLAS C API); spec = GraphBLAS.h, used via GrbInfo/Index/RowIter axioms
graph/src/graph/graphblas/mod.rs	GrB_BinaryOp_get_String	10415	AXIOMATISED	bindgen extern decl (GraphBLAS C API); spec = GraphBLAS.h, used via GrbInfo/Index/RowIter axioms
graph/src/graph/graphblas/mod.rs	GrB_BinaryOp_get_INT32	10422	AXIOMATISED	bindgen extern decl (GraphBLAS C API); spec = GraphBLAS.h, used via GrbInfo/Index/RowIter axioms
graph/src/graph/graphblas/mod.rs	GrB_BinaryOp_get_SIZE	10429	AXIOMATISED	bindgen extern decl (GraphBLAS C API); spec = GraphBLAS.h, used via GrbInfo/Index/RowIter axioms
graph/src/graph/graphblas/mod.rs	GrB_BinaryOp_get_VOID	10436	AXIOMATISED	bindgen extern decl (GraphBLAS C API); spec = GraphBLAS.h, used via GrbInfo/Index/RowIter axioms
graph/src/graph/graphblas/mod.rs	GrB_Monoid_get_Scalar	10443	AXIOMATISED	bindgen extern decl (GraphBLAS C API); spec = GraphBLAS.h, used via GrbInfo/Index/RowIter axioms
graph/src/graph/graphblas/mod.rs	GrB_Monoid_get_String	10450	AXIOMATISED	bindgen extern decl (GraphBLAS C API); spec = GraphBLAS.h, used via GrbInfo/Index/RowIter axioms
graph/src/graph/graphblas/mod.rs	GrB_Monoid_get_INT32	10457	AXIOMATISED	bindgen extern decl (GraphBLAS C API); spec = GraphBLAS.h, used via GrbInfo/Index/RowIter axioms
graph/src/graph/graphblas/mod.rs	GrB_Monoid_get_SIZE	10464	AXIOMATISED	bindgen extern decl (GraphBLAS C API); spec = GraphBLAS.h, used via GrbInfo/Index/RowIter axioms
graph/src/graph/graphblas/mod.rs	GrB_Monoid_get_VOID	10471	AXIOMATISED	bindgen extern decl (GraphBLAS C API); spec = GraphBLAS.h, used via GrbInfo/Index/RowIter axioms
graph/src/graph/graphblas/mod.rs	GrB_Semiring_get_Scalar	10478	AXIOMATISED	bindgen extern decl (GraphBLAS C API); spec = GraphBLAS.h, used via GrbInfo/Index/RowIter axioms
graph/src/graph/graphblas/mod.rs	GrB_Semiring_get_String	10485	AXIOMATISED	bindgen extern decl (GraphBLAS C API); spec = GraphBLAS.h, used via GrbInfo/Index/RowIter axioms
graph/src/graph/graphblas/mod.rs	GrB_Semiring_get_INT32	10492	AXIOMATISED	bindgen extern decl (GraphBLAS C API); spec = GraphBLAS.h, used via GrbInfo/Index/RowIter axioms
graph/src/graph/graphblas/mod.rs	GrB_Semiring_get_SIZE	10499	AXIOMATISED	bindgen extern decl (GraphBLAS C API); spec = GraphBLAS.h, used via GrbInfo/Index/RowIter axioms
graph/src/graph/graphblas/mod.rs	GrB_Semiring_get_VOID	10506	AXIOMATISED	bindgen extern decl (GraphBLAS C API); spec = GraphBLAS.h, used via GrbInfo/Index/RowIter axioms
graph/src/graph/graphblas/mod.rs	GrB_Descriptor_get_Scalar	10513	AXIOMATISED	bindgen extern decl (GraphBLAS C API); spec = GraphBLAS.h, used via GrbInfo/Index/RowIter axioms
graph/src/graph/graphblas/mod.rs	GrB_Descriptor_get_String	10520	AXIOMATISED	bindgen extern decl (GraphBLAS C API); spec = GraphBLAS.h, used via GrbInfo/Index/RowIter axioms
graph/src/graph/graphblas/mod.rs	GrB_Descriptor_get_INT32	10527	AXIOMATISED	bindgen extern decl (GraphBLAS C API); spec = GraphBLAS.h, used via GrbInfo/Index/RowIter axioms
graph/src/graph/graphblas/mod.rs	GrB_Descriptor_get_SIZE	10534	AXIOMATISED	bindgen extern decl (GraphBLAS C API); spec = GraphBLAS.h, used via GrbInfo/Index/RowIter axioms
graph/src/graph/graphblas/mod.rs	GrB_Descriptor_get_VOID	10541	AXIOMATISED	bindgen extern decl (GraphBLAS C API); spec = GraphBLAS.h, used via GrbInfo/Index/RowIter axioms
graph/src/graph/graphblas/mod.rs	GrB_Type_get_Scalar	10548	AXIOMATISED	bindgen extern decl (GraphBLAS C API); spec = GraphBLAS.h, used via GrbInfo/Index/RowIter axioms
graph/src/graph/graphblas/mod.rs	GrB_Type_get_String	10555	AXIOMATISED	bindgen extern decl (GraphBLAS C API); spec = GraphBLAS.h, used via GrbInfo/Index/RowIter axioms
graph/src/graph/graphblas/mod.rs	GrB_Type_get_INT32	10562	AXIOMATISED	bindgen extern decl (GraphBLAS C API); spec = GraphBLAS.h, used via GrbInfo/Index/RowIter axioms
graph/src/graph/graphblas/mod.rs	GrB_Type_get_SIZE	10569	AXIOMATISED	bindgen extern decl (GraphBLAS C API); spec = GraphBLAS.h, used via GrbInfo/Index/RowIter axioms
graph/src/graph/graphblas/mod.rs	GrB_Type_get_VOID	10576	AXIOMATISED	bindgen extern decl (GraphBLAS C API); spec = GraphBLAS.h, used via GrbInfo/Index/RowIter axioms
graph/src/graph/graphblas/mod.rs	GrB_Global_get_Scalar	10583	AXIOMATISED	bindgen extern decl (GraphBLAS C API); spec = GraphBLAS.h, used via GrbInfo/Index/RowIter axioms
graph/src/graph/graphblas/mod.rs	GrB_Global_get_String	10590	AXIOMATISED	bindgen extern decl (GraphBLAS C API); spec = GraphBLAS.h, used via GrbInfo/Index/RowIter axioms
graph/src/graph/graphblas/mod.rs	GrB_Global_get_INT32	10597	AXIOMATISED	bindgen extern decl (GraphBLAS C API); spec = GraphBLAS.h, used via GrbInfo/Index/RowIter axioms
graph/src/graph/graphblas/mod.rs	GrB_Global_get_SIZE	10604	AXIOMATISED	bindgen extern decl (GraphBLAS C API); spec = GraphBLAS.h, used via GrbInfo/Index/RowIter axioms
graph/src/graph/graphblas/mod.rs	GrB_Global_get_VOID	10611	AXIOMATISED	bindgen extern decl (GraphBLAS C API); spec = GraphBLAS.h, used via GrbInfo/Index/RowIter axioms
graph/src/graph/graphblas/mod.rs	GxB_Serialized_get_Scalar	10618	AXIOMATISED	bindgen extern decl (GraphBLAS C API); spec = GraphBLAS.h, used via GrbInfo/Index/RowIter axioms
graph/src/graph/graphblas/mod.rs	GxB_Serialized_get_String	10626	AXIOMATISED	bindgen extern decl (GraphBLAS C API); spec = GraphBLAS.h, used via GrbInfo/Index/RowIter axioms
graph/src/graph/graphblas/mod.rs	GxB_Serialized_get_INT32	10634	AXIOMATISED	bindgen extern decl (GraphBLAS C API); spec = GraphBLAS.h, used via GrbInfo/Index/RowIter axioms
graph/src/graph/graphblas/mod.rs	GxB_Serialized_get_SIZE	10642	AXIOMATISED	bindgen extern decl (GraphBLAS C API); spec = GraphBLAS.h, used via GrbInfo/Index/RowIter axioms
graph/src/graph/graphblas/mod.rs	GxB_Serialized_get_VOID	10650	AXIOMATISED	bindgen extern decl (GraphBLAS C API); spec = GraphBLAS.h, used via GrbInfo/Index/RowIter axioms
graph/src/graph/graphblas/mod.rs	GxB_Context_get_Scalar	10658	AXIOMATISED	bindgen extern decl (GraphBLAS C API); spec = GraphBLAS.h, used via GrbInfo/Index/RowIter axioms
graph/src/graph/graphblas/mod.rs	GxB_Context_get_String	10665	AXIOMATISED	bindgen extern decl (GraphBLAS C API); spec = GraphBLAS.h, used via GrbInfo/Index/RowIter axioms
graph/src/graph/graphblas/mod.rs	GxB_Context_get_INT	10672	AXIOMATISED	bindgen extern decl (GraphBLAS C API); spec = GraphBLAS.h, used via GrbInfo/Index/RowIter axioms
graph/src/graph/graphblas/mod.rs	GxB_Context_get_SIZE	10679	AXIOMATISED	bindgen extern decl (GraphBLAS C API); spec = GraphBLAS.h, used via GrbInfo/Index/RowIter axioms
graph/src/graph/graphblas/mod.rs	GxB_Context_get_VOID	10686	AXIOMATISED	bindgen extern decl (GraphBLAS C API); spec = GraphBLAS.h, used via GrbInfo/Index/RowIter axioms
graph/src/graph/graphblas/mod.rs	GrB_Scalar_set_Scalar	10693	AXIOMATISED	bindgen extern decl (GraphBLAS C API); spec = GraphBLAS.h, used via GrbInfo/Index/RowIter axioms
graph/src/graph/graphblas/mod.rs	GrB_Scalar_set_String	10700	AXIOMATISED	bindgen extern decl (GraphBLAS C API); spec = GraphBLAS.h, used via GrbInfo/Index/RowIter axioms
graph/src/graph/graphblas/mod.rs	GrB_Scalar_set_INT32	10707	AXIOMATISED	bindgen extern decl (GraphBLAS C API); spec = GraphBLAS.h, used via GrbInfo/Index/RowIter axioms
graph/src/graph/graphblas/mod.rs	GrB_Scalar_set_VOID	10714	AXIOMATISED	bindgen extern decl (GraphBLAS C API); spec = GraphBLAS.h, used via GrbInfo/Index/RowIter axioms
graph/src/graph/graphblas/mod.rs	GrB_Vector_set_Scalar	10722	AXIOMATISED	bindgen extern decl (GraphBLAS C API); spec = GraphBLAS.h, used via GrbInfo/Index/RowIter axioms
graph/src/graph/graphblas/mod.rs	GrB_Vector_set_String	10729	AXIOMATISED	bindgen extern decl (GraphBLAS C API); spec = GraphBLAS.h, used via GrbInfo/Index/RowIter axioms
graph/src/graph/graphblas/mod.rs	GrB_Vector_set_INT32	10736	AXIOMATISED	bindgen extern decl (GraphBLAS C API); spec = GraphBLAS.h, used via GrbInfo/Index/RowIter axioms
graph/src/graph/graphblas/mod.rs	GrB_Vector_set_VOID	10743	AXIOMATISED	bindgen extern decl (GraphBLAS C API); spec = GraphBLAS.h, used via GrbInfo/Index/RowIter axioms
graph/src/graph/graphblas/mod.rs	GrB_Matrix_set_Scalar	10751	AXIOMATISED	bindgen extern decl (GraphBLAS C API); spec = GraphBLAS.h, used via GrbInfo/Index/RowIter axioms
graph/src/graph/graphblas/mod.rs	GrB_Matrix_set_String	10758	AXIOMATISED	bindgen extern decl (GraphBLAS C API); spec = GraphBLAS.h, used via GrbInfo/Index/RowIter axioms
graph/src/graph/graphblas/mod.rs	GrB_Matrix_set_INT32	10765	AXIOMATISED	bindgen extern decl (GraphBLAS C API); spec = GraphBLAS.h, used via GrbInfo/Index/RowIter axioms
graph/src/graph/graphblas/mod.rs	GrB_Matrix_set_VOID	10772	AXIOMATISED	bindgen extern decl (GraphBLAS C API); spec = GraphBLAS.h, used via GrbInfo/Index/RowIter axioms
graph/src/graph/graphblas/mod.rs	GrB_UnaryOp_set_Scalar	10780	AXIOMATISED	bindgen extern decl (GraphBLAS C API); spec = GraphBLAS.h, used via GrbInfo/Index/RowIter axioms
graph/src/graph/graphblas/mod.rs	GrB_UnaryOp_set_String	10787	AXIOMATISED	bindgen extern decl (GraphBLAS C API); spec = GraphBLAS.h, used via GrbInfo/Index/RowIter axioms
graph/src/graph/graphblas/mod.rs	GrB_UnaryOp_set_INT32	10794	AXIOMATISED	bindgen extern decl (GraphBLAS C API); spec = GraphBLAS.h, used via GrbInfo/Index/RowIter axioms
graph/src/graph/graphblas/mod.rs	GrB_UnaryOp_set_VOID	10801	AXIOMATISED	bindgen extern decl (GraphBLAS C API); spec = GraphBLAS.h, used via GrbInfo/Index/RowIter axioms
graph/src/graph/graphblas/mod.rs	GrB_IndexUnaryOp_set_Scalar	10809	AXIOMATISED	bindgen extern decl (GraphBLAS C API); spec = GraphBLAS.h, used via GrbInfo/Index/RowIter axioms
graph/src/graph/graphblas/mod.rs	GrB_IndexUnaryOp_set_String	10816	AXIOMATISED	bindgen extern decl (GraphBLAS C API); spec = GraphBLAS.h, used via GrbInfo/Index/RowIter axioms
graph/src/graph/graphblas/mod.rs	GrB_IndexUnaryOp_set_INT32	10823	AXIOMATISED	bindgen extern decl (GraphBLAS C API); spec = GraphBLAS.h, used via GrbInfo/Index/RowIter axioms
graph/src/graph/graphblas/mod.rs	GrB_IndexUnaryOp_set_VOID	10830	AXIOMATISED	bindgen extern decl (GraphBLAS C API); spec = GraphBLAS.h, used via GrbInfo/Index/RowIter axioms
graph/src/graph/graphblas/mod.rs	GxB_IndexBinaryOp_set_Scalar	10838	AXIOMATISED	bindgen extern decl (GraphBLAS C API); spec = GraphBLAS.h, used via GrbInfo/Index/RowIter axioms
graph/src/graph/graphblas/mod.rs	GxB_IndexBinaryOp_set_String	10845	AXIOMATISED	bindgen extern decl (GraphBLAS C API); spec = GraphBLAS.h, used via GrbInfo/Index/RowIter axioms
graph/src/graph/graphblas/mod.rs	GxB_IndexBinaryOp_set_INT32	10852	AXIOMATISED	bindgen extern decl (GraphBLAS C API); spec = GraphBLAS.h, used via GrbInfo/Index/RowIter axioms
graph/src/graph/graphblas/mod.rs	GxB_IndexBinaryOp_set_VOID	10859	AXIOMATISED	bindgen extern decl (GraphBLAS C API); spec = GraphBLAS.h, used via GrbInfo/Index/RowIter axioms
graph/src/graph/graphblas/mod.rs	GrB_BinaryOp_set_Scalar	10867	AXIOMATISED	bindgen extern decl (GraphBLAS C API); spec = GraphBLAS.h, used via GrbInfo/Index/RowIter axioms
graph/src/graph/graphblas/mod.rs	GrB_BinaryOp_set_String	10874	AXIOMATISED	bindgen extern decl (GraphBLAS C API); spec = GraphBLAS.h, used via GrbInfo/Index/RowIter axioms
graph/src/graph/graphblas/mod.rs	GrB_BinaryOp_set_INT32	10881	AXIOMATISED	bindgen extern decl (GraphBLAS C API); spec = GraphBLAS.h, used via GrbInfo/Index/RowIter axioms
graph/src/graph/graphblas/mod.rs	GrB_BinaryOp_set_VOID	10888	AXIOMATISED	bindgen extern decl (GraphBLAS C API); spec = GraphBLAS.h, used via GrbInfo/Index/RowIter axioms
graph/src/graph/graphblas/mod.rs	GrB_Monoid_set_Scalar	10896	AXIOMATISED	bindgen extern decl (GraphBLAS C API); spec = GraphBLAS.h, used via GrbInfo/Index/RowIter axioms
graph/src/graph/graphblas/mod.rs	GrB_Monoid_set_String	10903	AXIOMATISED	bindgen extern decl (GraphBLAS C API); spec = GraphBLAS.h, used via GrbInfo/Index/RowIter axioms
graph/src/graph/graphblas/mod.rs	GrB_Monoid_set_INT32	10910	AXIOMATISED	bindgen extern decl (GraphBLAS C API); spec = GraphBLAS.h, used via GrbInfo/Index/RowIter axioms
graph/src/graph/graphblas/mod.rs	GrB_Monoid_set_VOID	10917	AXIOMATISED	bindgen extern decl (GraphBLAS C API); spec = GraphBLAS.h, used via GrbInfo/Index/RowIter axioms
graph/src/graph/graphblas/mod.rs	GrB_Semiring_set_Scalar	10925	AXIOMATISED	bindgen extern decl (GraphBLAS C API); spec = GraphBLAS.h, used via GrbInfo/Index/RowIter axioms
graph/src/graph/graphblas/mod.rs	GrB_Semiring_set_String	10932	AXIOMATISED	bindgen extern decl (GraphBLAS C API); spec = GraphBLAS.h, used via GrbInfo/Index/RowIter axioms
graph/src/graph/graphblas/mod.rs	GrB_Semiring_set_INT32	10939	AXIOMATISED	bindgen extern decl (GraphBLAS C API); spec = GraphBLAS.h, used via GrbInfo/Index/RowIter axioms
graph/src/graph/graphblas/mod.rs	GrB_Semiring_set_VOID	10946	AXIOMATISED	bindgen extern decl (GraphBLAS C API); spec = GraphBLAS.h, used via GrbInfo/Index/RowIter axioms
graph/src/graph/graphblas/mod.rs	GrB_Descriptor_set_Scalar	10954	AXIOMATISED	bindgen extern decl (GraphBLAS C API); spec = GraphBLAS.h, used via GrbInfo/Index/RowIter axioms
graph/src/graph/graphblas/mod.rs	GrB_Descriptor_set_String	10961	AXIOMATISED	bindgen extern decl (GraphBLAS C API); spec = GraphBLAS.h, used via GrbInfo/Index/RowIter axioms
graph/src/graph/graphblas/mod.rs	GrB_Descriptor_set_INT32	10968	AXIOMATISED	bindgen extern decl (GraphBLAS C API); spec = GraphBLAS.h, used via GrbInfo/Index/RowIter axioms
graph/src/graph/graphblas/mod.rs	GrB_Descriptor_set_VOID	10975	AXIOMATISED	bindgen extern decl (GraphBLAS C API); spec = GraphBLAS.h, used via GrbInfo/Index/RowIter axioms
graph/src/graph/graphblas/mod.rs	GrB_Type_set_Scalar	10983	AXIOMATISED	bindgen extern decl (GraphBLAS C API); spec = GraphBLAS.h, used via GrbInfo/Index/RowIter axioms
graph/src/graph/graphblas/mod.rs	GrB_Type_set_String	10990	AXIOMATISED	bindgen extern decl (GraphBLAS C API); spec = GraphBLAS.h, used via GrbInfo/Index/RowIter axioms
graph/src/graph/graphblas/mod.rs	GrB_Type_set_INT32	10997	AXIOMATISED	bindgen extern decl (GraphBLAS C API); spec = GraphBLAS.h, used via GrbInfo/Index/RowIter axioms
graph/src/graph/graphblas/mod.rs	GrB_Type_set_VOID	11004	AXIOMATISED	bindgen extern decl (GraphBLAS C API); spec = GraphBLAS.h, used via GrbInfo/Index/RowIter axioms
graph/src/graph/graphblas/mod.rs	GrB_Global_set_Scalar	11012	AXIOMATISED	bindgen extern decl (GraphBLAS C API); spec = GraphBLAS.h, used via GrbInfo/Index/RowIter axioms
graph/src/graph/graphblas/mod.rs	GrB_Global_set_String	11019	AXIOMATISED	bindgen extern decl (GraphBLAS C API); spec = GraphBLAS.h, used via GrbInfo/Index/RowIter axioms
graph/src/graph/graphblas/mod.rs	GrB_Global_set_INT32	11026	AXIOMATISED	bindgen extern decl (GraphBLAS C API); spec = GraphBLAS.h, used via GrbInfo/Index/RowIter axioms
graph/src/graph/graphblas/mod.rs	GrB_Global_set_VOID	11033	AXIOMATISED	bindgen extern decl (GraphBLAS C API); spec = GraphBLAS.h, used via GrbInfo/Index/RowIter axioms
graph/src/graph/graphblas/mod.rs	GxB_Context_set_Scalar	11041	AXIOMATISED	bindgen extern decl (GraphBLAS C API); spec = GraphBLAS.h, used via GrbInfo/Index/RowIter axioms
graph/src/graph/graphblas/mod.rs	GxB_Context_set_String	11048	AXIOMATISED	bindgen extern decl (GraphBLAS C API); spec = GraphBLAS.h, used via GrbInfo/Index/RowIter axioms
graph/src/graph/graphblas/mod.rs	GxB_Context_set_INT	11055	AXIOMATISED	bindgen extern decl (GraphBLAS C API); spec = GraphBLAS.h, used via GrbInfo/Index/RowIter axioms
graph/src/graph/graphblas/mod.rs	GxB_Context_set_VOID	11062	AXIOMATISED	bindgen extern decl (GraphBLAS C API); spec = GraphBLAS.h, used via GrbInfo/Index/RowIter axioms
graph/src/graph/graphblas/mod.rs	GrB_Type_wait	11070	AXIOMATISED	bindgen extern decl (GraphBLAS C API); spec = GraphBLAS.h, used via GrbInfo/Index/RowIter axioms
graph/src/graph/graphblas/mod.rs	GrB_UnaryOp_wait	11076	AXIOMATISED	bindgen extern decl (GraphBLAS C API); spec = GraphBLAS.h, used via GrbInfo/Index/RowIter axioms
graph/src/graph/graphblas/mod.rs	GrB_BinaryOp_wait	11082	AXIOMATISED	bindgen extern decl (GraphBLAS C API); spec = GraphBLAS.h, used via GrbInfo/Index/RowIter axioms
graph/src/graph/graphblas/mod.rs	GrB_IndexUnaryOp_wait	11088	AXIOMATISED	bindgen extern decl (GraphBLAS C API); spec = GraphBLAS.h, used via GrbInfo/Index/RowIter axioms
graph/src/graph/graphblas/mod.rs	GxB_IndexBinaryOp_wait	11094	AXIOMATISED	bindgen extern decl (GraphBLAS C API); spec = GraphBLAS.h, used via GrbInfo/Index/RowIter axioms
graph/src/graph/graphblas/mod.rs	GrB_Monoid_wait	11100	AXIOMATISED	bindgen extern decl (GraphBLAS C API); spec = GraphBLAS.h, used via GrbInfo/Index/RowIter axioms
graph/src/graph/graphblas/mod.rs	GrB_Semiring_wait	11106	AXIOMATISED	bindgen extern decl (GraphBLAS C API); spec = GraphBLAS.h, used via GrbInfo/Index/RowIter axioms
graph/src/graph/graphblas/mod.rs	GrB_Descriptor_wait	11112	AXIOMATISED	bindgen extern decl (GraphBLAS C API); spec = GraphBLAS.h, used via GrbInfo/Index/RowIter axioms
graph/src/graph/graphblas/mod.rs	GrB_Scalar_wait	11118	AXIOMATISED	bindgen extern decl (GraphBLAS C API); spec = GraphBLAS.h, used via GrbInfo/Index/RowIter axioms
graph/src/graph/graphblas/mod.rs	GrB_Vector_wait	11124	AXIOMATISED	bindgen extern decl (GraphBLAS C API); spec = GraphBLAS.h, used via GrbInfo/Index/RowIter axioms
graph/src/graph/graphblas/mod.rs	GrB_Matrix_wait	11130	AXIOMATISED	bindgen extern decl (GraphBLAS C API); spec = GraphBLAS.h, used via GrbInfo/Index/RowIter axioms
graph/src/graph/graphblas/mod.rs	GxB_Context_wait	11136	AXIOMATISED	bindgen extern decl (GraphBLAS C API); spec = GraphBLAS.h, used via GrbInfo/Index/RowIter axioms
graph/src/graph/graphblas/mod.rs	GrB_Type_error	11142	AXIOMATISED	bindgen extern decl (GraphBLAS C API); spec = GraphBLAS.h, used via GrbInfo/Index/RowIter axioms
graph/src/graph/graphblas/mod.rs	GrB_UnaryOp_error	11148	AXIOMATISED	bindgen extern decl (GraphBLAS C API); spec = GraphBLAS.h, used via GrbInfo/Index/RowIter axioms
graph/src/graph/graphblas/mod.rs	GrB_BinaryOp_error	11154	AXIOMATISED	bindgen extern decl (GraphBLAS C API); spec = GraphBLAS.h, used via GrbInfo/Index/RowIter axioms
graph/src/graph/graphblas/mod.rs	GrB_IndexUnaryOp_error	11160	AXIOMATISED	bindgen extern decl (GraphBLAS C API); spec = GraphBLAS.h, used via GrbInfo/Index/RowIter axioms
graph/src/graph/graphblas/mod.rs	GxB_IndexBinaryOp_error	11166	AXIOMATISED	bindgen extern decl (GraphBLAS C API); spec = GraphBLAS.h, used via GrbInfo/Index/RowIter axioms
graph/src/graph/graphblas/mod.rs	GrB_Monoid_error	11172	AXIOMATISED	bindgen extern decl (GraphBLAS C API); spec = GraphBLAS.h, used via GrbInfo/Index/RowIter axioms
graph/src/graph/graphblas/mod.rs	GrB_Semiring_error	11178	AXIOMATISED	bindgen extern decl (GraphBLAS C API); spec = GraphBLAS.h, used via GrbInfo/Index/RowIter axioms
graph/src/graph/graphblas/mod.rs	GrB_Descriptor_error	11184	AXIOMATISED	bindgen extern decl (GraphBLAS C API); spec = GraphBLAS.h, used via GrbInfo/Index/RowIter axioms
graph/src/graph/graphblas/mod.rs	GrB_Scalar_error	11190	AXIOMATISED	bindgen extern decl (GraphBLAS C API); spec = GraphBLAS.h, used via GrbInfo/Index/RowIter axioms
graph/src/graph/graphblas/mod.rs	GrB_Vector_error	11196	AXIOMATISED	bindgen extern decl (GraphBLAS C API); spec = GraphBLAS.h, used via GrbInfo/Index/RowIter axioms
graph/src/graph/graphblas/mod.rs	GrB_Matrix_error	11202	AXIOMATISED	bindgen extern decl (GraphBLAS C API); spec = GraphBLAS.h, used via GrbInfo/Index/RowIter axioms
graph/src/graph/graphblas/mod.rs	GxB_Context_error	11208	AXIOMATISED	bindgen extern decl (GraphBLAS C API); spec = GraphBLAS.h, used via GrbInfo/Index/RowIter axioms
graph/src/graph/graphblas/mod.rs	GrB_mxm	11214	AXIOMATISED	bindgen extern decl (GraphBLAS C API); spec = GraphBLAS.h, used via GrbInfo/Index/RowIter axioms
graph/src/graph/graphblas/mod.rs	GrB_vxm	11225	AXIOMATISED	bindgen extern decl (GraphBLAS C API); spec = GraphBLAS.h, used via GrbInfo/Index/RowIter axioms
graph/src/graph/graphblas/mod.rs	GrB_mxv	11236	AXIOMATISED	bindgen extern decl (GraphBLAS C API); spec = GraphBLAS.h, used via GrbInfo/Index/RowIter axioms
graph/src/graph/graphblas/mod.rs	GrB_Vector_eWiseMult_Semiring	11247	AXIOMATISED	bindgen extern decl (GraphBLAS C API); spec = GraphBLAS.h, used via GrbInfo/Index/RowIter axioms
graph/src/graph/graphblas/mod.rs	GrB_Vector_eWiseMult_Monoid	11258	AXIOMATISED	bindgen extern decl (GraphBLAS C API); spec = GraphBLAS.h, used via GrbInfo/Index/RowIter axioms
graph/src/graph/graphblas/mod.rs	GrB_Vector_eWiseMult_BinaryOp	11269	AXIOMATISED	bindgen extern decl (GraphBLAS C API); spec = GraphBLAS.h, used via GrbInfo/Index/RowIter axioms
graph/src/graph/graphblas/mod.rs	GrB_Matrix_eWiseMult_Semiring	11280	AXIOMATISED	bindgen extern decl (GraphBLAS C API); spec = GraphBLAS.h, used via GrbInfo/Index/RowIter axioms
graph/src/graph/graphblas/mod.rs	GrB_Matrix_eWiseMult_Monoid	11291	AXIOMATISED	bindgen extern decl (GraphBLAS C API); spec = GraphBLAS.h, used via GrbInfo/Index/RowIter axioms
graph/src/graph/graphblas/mod.rs	GrB_Matrix_eWiseMult_BinaryOp	11302	AXIOMATISED	bindgen extern decl (GraphBLAS C API); spec = GraphBLAS.h, used via GrbInfo/Index/RowIter axioms
graph/src/graph/graphblas/mod.rs	GrB_Vector_eWiseAdd_Semiring	11313	AXIOMATISED	bindgen extern decl (GraphBLAS C API); spec = GraphBLAS.h, used via GrbInfo/Index/RowIter axioms
graph/src/graph/graphblas/mod.rs	GrB_Vector_eWiseAdd_Monoid	11324	AXIOMATISED	bindgen extern decl (GraphBLAS C API); spec = GraphBLAS.h, used via GrbInfo/Index/RowIter axioms
graph/src/graph/graphblas/mod.rs	GrB_Vector_eWiseAdd_BinaryOp	11335	AXIOMATISED	bindgen extern decl (GraphBLAS C API); spec = GraphBLAS.h, used via GrbInfo/Index/RowIter axioms
graph/src/graph/graphblas/mod.rs	GrB_Matrix_eWiseAdd_Semiring	11346	AXIOMATISED	bindgen extern decl (GraphBLAS C API); spec = GraphBLAS.h, used via GrbInfo/Index/RowIter axioms
graph/src/graph/graphblas/mod.rs	GrB_Matrix_eWiseAdd_Monoid	11357	AXIOMATISED	bindgen extern decl (GraphBLAS C API); spec = GraphBLAS.h, used via GrbInfo/Index/RowIter axioms
graph/src/graph/graphblas/mod.rs	GrB_Matrix_eWiseAdd_BinaryOp	11368	AXIOMATISED	bindgen extern decl (GraphBLAS C API); spec = GraphBLAS.h, used via GrbInfo/Index/RowIter axioms
graph/src/graph/graphblas/mod.rs	GxB_Vector_eWiseUnion	11379	AXIOMATISED	bindgen extern decl (GraphBLAS C API); spec = GraphBLAS.h, used via GrbInfo/Index/RowIter axioms
graph/src/graph/graphblas/mod.rs	GxB_Matrix_eWiseUnion	11392	AXIOMATISED	bindgen extern decl (GraphBLAS C API); spec = GraphBLAS.h, used via GrbInfo/Index/RowIter axioms
graph/src/graph/graphblas/mod.rs	GrB_Vector_extract	11405	AXIOMATISED	bindgen extern decl (GraphBLAS C API); spec = GraphBLAS.h, used via GrbInfo/Index/RowIter axioms
graph/src/graph/graphblas/mod.rs	GxB_Vector_extract_Vector	11416	AXIOMATISED	bindgen extern decl (GraphBLAS C API); spec = GraphBLAS.h, used via GrbInfo/Index/RowIter axioms
graph/src/graph/graphblas/mod.rs	GrB_Matrix_extract	11426	AXIOMATISED	bindgen extern decl (GraphBLAS C API); spec = GraphBLAS.h, used via GrbInfo/Index/RowIter axioms
graph/src/graph/graphblas/mod.rs	GxB_Matrix_extract_Vector	11439	AXIOMATISED	bindgen extern decl (GraphBLAS C API); spec = GraphBLAS.h, used via GrbInfo/Index/RowIter axioms
graph/src/graph/graphblas/mod.rs	GrB_Col_extract	11450	AXIOMATISED	bindgen extern decl (GraphBLAS C API); spec = GraphBLAS.h, used via GrbInfo/Index/RowIter axioms
graph/src/graph/graphblas/mod.rs	GxB_Col_extract_Vector	11462	AXIOMATISED	bindgen extern decl (GraphBLAS C API); spec = GraphBLAS.h, used via GrbInfo/Index/RowIter axioms
graph/src/graph/graphblas/mod.rs	GxB_Vector_subassign	11473	AXIOMATISED	bindgen extern decl (GraphBLAS C API); spec = GraphBLAS.h, used via GrbInfo/Index/RowIter axioms
graph/src/graph/graphblas/mod.rs	GxB_Vector_subassign_Vector	11484	AXIOMATISED	bindgen extern decl (GraphBLAS C API); spec = GraphBLAS.h, used via GrbInfo/Index/RowIter axioms
graph/src/graph/graphblas/mod.rs	GxB_Matrix_subassign	11494	AXIOMATISED	bindgen extern decl (GraphBLAS C API); spec = GraphBLAS.h, used via GrbInfo/Index/RowIter axioms
graph/src/graph/graphblas/mod.rs	GxB_Matrix_subassign_Vector	11507	AXIOMATISED	bindgen extern decl (GraphBLAS C API); spec = GraphBLAS.h, used via GrbInfo/Index/RowIter axioms
graph/src/graph/graphblas/mod.rs	GxB_Col_subassign	11518	AXIOMATISED	bindgen extern decl (GraphBLAS C API); spec = GraphBLAS.h, used via GrbInfo/Index/RowIter axioms
graph/src/graph/graphblas/mod.rs	GxB_Col_subassign_Vector	11530	AXIOMATISED	bindgen extern decl (GraphBLAS C API); spec = GraphBLAS.h, used via GrbInfo/Index/RowIter axioms
graph/src/graph/graphblas/mod.rs	GxB_Row_subassign	11541	AXIOMATISED	bindgen extern decl (GraphBLAS C API); spec = GraphBLAS.h, used via GrbInfo/Index/RowIter axioms
graph/src/graph/graphblas/mod.rs	GxB_Row_subassign_Vector	11553	AXIOMATISED	bindgen extern decl (GraphBLAS C API); spec = GraphBLAS.h, used via GrbInfo/Index/RowIter axioms
graph/src/graph/graphblas/mod.rs	GxB_Vector_subassign_Scalar	11564	AXIOMATISED	bindgen extern decl (GraphBLAS C API); spec = GraphBLAS.h, used via GrbInfo/Index/RowIter axioms
graph/src/graph/graphblas/mod.rs	GxB_Vector_subassign_Scalar_Vector	11575	AXIOMATISED	bindgen extern decl (GraphBLAS C API); spec = GraphBLAS.h, used via GrbInfo/Index/RowIter axioms
graph/src/graph/graphblas/mod.rs	GxB_Vector_subassign_BOOL	11585	AXIOMATISED	bindgen extern decl (GraphBLAS C API); spec = GraphBLAS.h, used via GrbInfo/Index/RowIter axioms
graph/src/graph/graphblas/mod.rs	GxB_Vector_subassign_INT8	11596	AXIOMATISED	bindgen extern decl (GraphBLAS C API); spec = GraphBLAS.h, used via GrbInfo/Index/RowIter axioms
graph/src/graph/graphblas/mod.rs	GxB_Vector_subassign_INT16	11607	AXIOMATISED	bindgen extern decl (GraphBLAS C API); spec = GraphBLAS.h, used via GrbInfo/Index/RowIter axioms
graph/src/graph/graphblas/mod.rs	GxB_Vector_subassign_INT32	11618	AXIOMATISED	bindgen extern decl (GraphBLAS C API); spec = GraphBLAS.h, used via GrbInfo/Index/RowIter axioms
graph/src/graph/graphblas/mod.rs	GxB_Vector_subassign_INT64	11629	AXIOMATISED	bindgen extern decl (GraphBLAS C API); spec = GraphBLAS.h, used via GrbInfo/Index/RowIter axioms
graph/src/graph/graphblas/mod.rs	GxB_Vector_subassign_UINT8	11640	AXIOMATISED	bindgen extern decl (GraphBLAS C API); spec = GraphBLAS.h, used via GrbInfo/Index/RowIter axioms
graph/src/graph/graphblas/mod.rs	GxB_Vector_subassign_UINT16	11651	AXIOMATISED	bindgen extern decl (GraphBLAS C API); spec = GraphBLAS.h, used via GrbInfo/Index/RowIter axioms
graph/src/graph/graphblas/mod.rs	GxB_Vector_subassign_UINT32	11662	AXIOMATISED	bindgen extern decl (GraphBLAS C API); spec = GraphBLAS.h, used via GrbInfo/Index/RowIter axioms
graph/src/graph/graphblas/mod.rs	GxB_Vector_subassign_UINT64	11673	AXIOMATISED	bindgen extern decl (GraphBLAS C API); spec = GraphBLAS.h, used via GrbInfo/Index/RowIter axioms
graph/src/graph/graphblas/mod.rs	GxB_Vector_subassign_FP32	11684	AXIOMATISED	bindgen extern decl (GraphBLAS C API); spec = GraphBLAS.h, used via GrbInfo/Index/RowIter axioms
graph/src/graph/graphblas/mod.rs	GxB_Vector_subassign_FP64	11695	AXIOMATISED	bindgen extern decl (GraphBLAS C API); spec = GraphBLAS.h, used via GrbInfo/Index/RowIter axioms
graph/src/graph/graphblas/mod.rs	GxB_Vector_subassign_FC32	11706	AXIOMATISED	bindgen extern decl (GraphBLAS C API); spec = GraphBLAS.h, used via GrbInfo/Index/RowIter axioms
graph/src/graph/graphblas/mod.rs	GxB_Vector_subassign_FC64	11717	AXIOMATISED	bindgen extern decl (GraphBLAS C API); spec = GraphBLAS.h, used via GrbInfo/Index/RowIter axioms
graph/src/graph/graphblas/mod.rs	GxB_Vector_subassign_UDT	11728	AXIOMATISED	bindgen extern decl (GraphBLAS C API); spec = GraphBLAS.h, used via GrbInfo/Index/RowIter axioms
graph/src/graph/graphblas/mod.rs	GxB_Matrix_subassign_Scalar	11739	AXIOMATISED	bindgen extern decl (GraphBLAS C API); spec = GraphBLAS.h, used via GrbInfo/Index/RowIter axioms
graph/src/graph/graphblas/mod.rs	GxB_Matrix_subassign_Scalar_Vector	11752	AXIOMATISED	bindgen extern decl (GraphBLAS C API); spec = GraphBLAS.h, used via GrbInfo/Index/RowIter axioms
graph/src/graph/graphblas/mod.rs	GxB_Matrix_subassign_BOOL	11763	AXIOMATISED	bindgen extern decl (GraphBLAS C API); spec = GraphBLAS.h, used via GrbInfo/Index/RowIter axioms
graph/src/graph/graphblas/mod.rs	GxB_Matrix_subassign_INT8	11776	AXIOMATISED	bindgen extern decl (GraphBLAS C API); spec = GraphBLAS.h, used via GrbInfo/Index/RowIter axioms
graph/src/graph/graphblas/mod.rs	GxB_Matrix_subassign_INT16	11789	AXIOMATISED	bindgen extern decl (GraphBLAS C API); spec = GraphBLAS.h, used via GrbInfo/Index/RowIter axioms
graph/src/graph/graphblas/mod.rs	GxB_Matrix_subassign_INT32	11802	AXIOMATISED	bindgen extern decl (GraphBLAS C API); spec = GraphBLAS.h, used via GrbInfo/Index/RowIter axioms
graph/src/graph/graphblas/mod.rs	GxB_Matrix_subassign_INT64	11815	AXIOMATISED	bindgen extern decl (GraphBLAS C API); spec = GraphBLAS.h, used via GrbInfo/Index/RowIter axioms
graph/src/graph/graphblas/mod.rs	GxB_Matrix_subassign_UINT8	11828	AXIOMATISED	bindgen extern decl (GraphBLAS C API); spec = GraphBLAS.h, used via GrbInfo/Index/RowIter axioms
graph/src/graph/graphblas/mod.rs	GxB_Matrix_subassign_UINT16	11841	AXIOMATISED	bindgen extern decl (GraphBLAS C API); spec = GraphBLAS.h, used via GrbInfo/Index/RowIter axioms
graph/src/graph/graphblas/mod.rs	GxB_Matrix_subassign_UINT32	11854	AXIOMATISED	bindgen extern decl (GraphBLAS C API); spec = GraphBLAS.h, used via GrbInfo/Index/RowIter axioms
graph/src/graph/graphblas/mod.rs	GxB_Matrix_subassign_UINT64	11867	AXIOMATISED	bindgen extern decl (GraphBLAS C API); spec = GraphBLAS.h, used via GrbInfo/Index/RowIter axioms
graph/src/graph/graphblas/mod.rs	GxB_Matrix_subassign_FP32	11880	AXIOMATISED	bindgen extern decl (GraphBLAS C API); spec = GraphBLAS.h, used via GrbInfo/Index/RowIter axioms
graph/src/graph/graphblas/mod.rs	GxB_Matrix_subassign_FP64	11893	AXIOMATISED	bindgen extern decl (GraphBLAS C API); spec = GraphBLAS.h, used via GrbInfo/Index/RowIter axioms
graph/src/graph/graphblas/mod.rs	GxB_Matrix_subassign_FC32	11906	AXIOMATISED	bindgen extern decl (GraphBLAS C API); spec = GraphBLAS.h, used via GrbInfo/Index/RowIter axioms
graph/src/graph/graphblas/mod.rs	GxB_Matrix_subassign_FC64	11919	AXIOMATISED	bindgen extern decl (GraphBLAS C API); spec = GraphBLAS.h, used via GrbInfo/Index/RowIter axioms
graph/src/graph/graphblas/mod.rs	GxB_Matrix_subassign_UDT	11932	AXIOMATISED	bindgen extern decl (GraphBLAS C API); spec = GraphBLAS.h, used via GrbInfo/Index/RowIter axioms
graph/src/graph/graphblas/mod.rs	GrB_Vector_assign	11945	AXIOMATISED	bindgen extern decl (GraphBLAS C API); spec = GraphBLAS.h, used via GrbInfo/Index/RowIter axioms
graph/src/graph/graphblas/mod.rs	GxB_Vector_assign_Vector	11956	AXIOMATISED	bindgen extern decl (GraphBLAS C API); spec = GraphBLAS.h, used via GrbInfo/Index/RowIter axioms
graph/src/graph/graphblas/mod.rs	GrB_Matrix_assign	11966	AXIOMATISED	bindgen extern decl (GraphBLAS C API); spec = GraphBLAS.h, used via GrbInfo/Index/RowIter axioms
graph/src/graph/graphblas/mod.rs	GxB_Matrix_assign_Vector	11979	AXIOMATISED	bindgen extern decl (GraphBLAS C API); spec = GraphBLAS.h, used via GrbInfo/Index/RowIter axioms
graph/src/graph/graphblas/mod.rs	GrB_Col_assign	11990	AXIOMATISED	bindgen extern decl (GraphBLAS C API); spec = GraphBLAS.h, used via GrbInfo/Index/RowIter axioms
graph/src/graph/graphblas/mod.rs	GxB_Col_assign_Vector	12002	AXIOMATISED	bindgen extern decl (GraphBLAS C API); spec = GraphBLAS.h, used via GrbInfo/Index/RowIter axioms
graph/src/graph/graphblas/mod.rs	GrB_Row_assign	12013	AXIOMATISED	bindgen extern decl (GraphBLAS C API); spec = GraphBLAS.h, used via GrbInfo/Index/RowIter axioms
graph/src/graph/graphblas/mod.rs	GxB_Row_assign_Vector	12025	AXIOMATISED	bindgen extern decl (GraphBLAS C API); spec = GraphBLAS.h, used via GrbInfo/Index/RowIter axioms
graph/src/graph/graphblas/mod.rs	GrB_Vector_assign_Scalar	12036	AXIOMATISED	bindgen extern decl (GraphBLAS C API); spec = GraphBLAS.h, used via GrbInfo/Index/RowIter axioms
graph/src/graph/graphblas/mod.rs	GxB_Vector_assign_Scalar_Vector	12047	AXIOMATISED	bindgen extern decl (GraphBLAS C API); spec = GraphBLAS.h, used via GrbInfo/Index/RowIter axioms
graph/src/graph/graphblas/mod.rs	GrB_Vector_assign_BOOL	12057	AXIOMATISED	bindgen extern decl (GraphBLAS C API); spec = GraphBLAS.h, used via GrbInfo/Index/RowIter axioms
graph/src/graph/graphblas/mod.rs	GrB_Vector_assign_INT8	12068	AXIOMATISED	bindgen extern decl (GraphBLAS C API); spec = GraphBLAS.h, used via GrbInfo/Index/RowIter axioms
graph/src/graph/graphblas/mod.rs	GrB_Vector_assign_INT16	12079	AXIOMATISED	bindgen extern decl (GraphBLAS C API); spec = GraphBLAS.h, used via GrbInfo/Index/RowIter axioms
graph/src/graph/graphblas/mod.rs	GrB_Vector_assign_INT32	12090	AXIOMATISED	bindgen extern decl (GraphBLAS C API); spec = GraphBLAS.h, used via GrbInfo/Index/RowIter axioms
graph/src/graph/graphblas/mod.rs	GrB_Vector_assign_INT64	12101	AXIOMATISED	bindgen extern decl (GraphBLAS C API); spec = GraphBLAS.h, used via GrbInfo/Index/RowIter axioms
graph/src/graph/graphblas/mod.rs	GrB_Vector_assign_UINT8	12112	AXIOMATISED	bindgen extern decl (GraphBLAS C API); spec = GraphBLAS.h, used via GrbInfo/Index/RowIter axioms
graph/src/graph/graphblas/mod.rs	GrB_Vector_assign_UINT16	12123	AXIOMATISED	bindgen extern decl (GraphBLAS C API); spec = GraphBLAS.h, used via GrbInfo/Index/RowIter axioms
graph/src/graph/graphblas/mod.rs	GrB_Vector_assign_UINT32	12134	AXIOMATISED	bindgen extern decl (GraphBLAS C API); spec = GraphBLAS.h, used via GrbInfo/Index/RowIter axioms
graph/src/graph/graphblas/mod.rs	GrB_Vector_assign_UINT64	12145	AXIOMATISED	bindgen extern decl (GraphBLAS C API); spec = GraphBLAS.h, used via GrbInfo/Index/RowIter axioms
graph/src/graph/graphblas/mod.rs	GrB_Vector_assign_FP32	12156	AXIOMATISED	bindgen extern decl (GraphBLAS C API); spec = GraphBLAS.h, used via GrbInfo/Index/RowIter axioms
graph/src/graph/graphblas/mod.rs	GrB_Vector_assign_FP64	12167	AXIOMATISED	bindgen extern decl (GraphBLAS C API); spec = GraphBLAS.h, used via GrbInfo/Index/RowIter axioms
graph/src/graph/graphblas/mod.rs	GxB_Vector_assign_FC32	12178	AXIOMATISED	bindgen extern decl (GraphBLAS C API); spec = GraphBLAS.h, used via GrbInfo/Index/RowIter axioms
graph/src/graph/graphblas/mod.rs	GxB_Vector_assign_FC64	12189	AXIOMATISED	bindgen extern decl (GraphBLAS C API); spec = GraphBLAS.h, used via GrbInfo/Index/RowIter axioms
graph/src/graph/graphblas/mod.rs	GrB_Vector_assign_UDT	12200	AXIOMATISED	bindgen extern decl (GraphBLAS C API); spec = GraphBLAS.h, used via GrbInfo/Index/RowIter axioms
graph/src/graph/graphblas/mod.rs	GrB_Matrix_assign_Scalar	12211	AXIOMATISED	bindgen extern decl (GraphBLAS C API); spec = GraphBLAS.h, used via GrbInfo/Index/RowIter axioms
graph/src/graph/graphblas/mod.rs	GxB_Matrix_assign_Scalar_Vector	12224	AXIOMATISED	bindgen extern decl (GraphBLAS C API); spec = GraphBLAS.h, used via GrbInfo/Index/RowIter axioms
graph/src/graph/graphblas/mod.rs	GrB_Matrix_assign_BOOL	12235	AXIOMATISED	bindgen extern decl (GraphBLAS C API); spec = GraphBLAS.h, used via GrbInfo/Index/RowIter axioms
graph/src/graph/graphblas/mod.rs	GrB_Matrix_assign_INT8	12248	AXIOMATISED	bindgen extern decl (GraphBLAS C API); spec = GraphBLAS.h, used via GrbInfo/Index/RowIter axioms
graph/src/graph/graphblas/mod.rs	GrB_Matrix_assign_INT16	12261	AXIOMATISED	bindgen extern decl (GraphBLAS C API); spec = GraphBLAS.h, used via GrbInfo/Index/RowIter axioms
graph/src/graph/graphblas/mod.rs	GrB_Matrix_assign_INT32	12274	AXIOMATISED	bindgen extern decl (GraphBLAS C API); spec = GraphBLAS.h, used via GrbInfo/Index/RowIter axioms
graph/src/graph/graphblas/mod.rs	GrB_Matrix_assign_INT64	12287	AXIOMATISED	bindgen extern decl (GraphBLAS C API); spec = GraphBLAS.h, used via GrbInfo/Index/RowIter axioms
graph/src/graph/graphblas/mod.rs	GrB_Matrix_assign_UINT8	12300	AXIOMATISED	bindgen extern decl (GraphBLAS C API); spec = GraphBLAS.h, used via GrbInfo/Index/RowIter axioms
graph/src/graph/graphblas/mod.rs	GrB_Matrix_assign_UINT16	12313	AXIOMATISED	bindgen extern decl (GraphBLAS C API); spec = GraphBLAS.h, used via GrbInfo/Index/RowIter axioms
graph/src/graph/graphblas/mod.rs	GrB_Matrix_assign_UINT32	12326	AXIOMATISED	bindgen extern decl (GraphBLAS C API); spec = GraphBLAS.h, used via GrbInfo/Index/RowIter axioms
graph/src/graph/graphblas/mod.rs	GrB_Matrix_assign_UINT64	12339	AXIOMATISED	bindgen extern decl (GraphBLAS C API); spec = GraphBLAS.h, used via GrbInfo/Index/RowIter axioms
graph/src/graph/graphblas/mod.rs	GrB_Matrix_assign_FP32	12352	AXIOMATISED	bindgen extern decl (GraphBLAS C API); spec = GraphBLAS.h, used via GrbInfo/Index/RowIter axioms
graph/src/graph/graphblas/mod.rs	GrB_Matrix_assign_FP64	12365	AXIOMATISED	bindgen extern decl (GraphBLAS C API); spec = GraphBLAS.h, used via GrbInfo/Index/RowIter axioms
graph/src/graph/graphblas/mod.rs	GxB_Matrix_assign_FC32	12378	AXIOMATISED	bindgen extern decl (GraphBLAS C API); spec = GraphBLAS.h, used via GrbInfo/Index/RowIter axioms
graph/src/graph/graphblas/mod.rs	GxB_Matrix_assign_FC64	12391	AXIOMATISED	bindgen extern decl (GraphBLAS C API); spec = GraphBLAS.h, used via GrbInfo/Index/RowIter axioms
graph/src/graph/graphblas/mod.rs	GrB_Matrix_assign_UDT	12404	AXIOMATISED	bindgen extern decl (GraphBLAS C API); spec = GraphBLAS.h, used via GrbInfo/Index/RowIter axioms
graph/src/graph/graphblas/mod.rs	GrB_Vector_apply	12417	AXIOMATISED	bindgen extern decl (GraphBLAS C API); spec = GraphBLAS.h, used via GrbInfo/Index/RowIter axioms
graph/src/graph/graphblas/mod.rs	GrB_Matrix_apply	12427	AXIOMATISED	bindgen extern decl (GraphBLAS C API); spec = GraphBLAS.h, used via GrbInfo/Index/RowIter axioms
graph/src/graph/graphblas/mod.rs	GrB_Vector_apply_BinaryOp1st_Scalar	12437	AXIOMATISED	bindgen extern decl (GraphBLAS C API); spec = GraphBLAS.h, used via GrbInfo/Index/RowIter axioms
graph/src/graph/graphblas/mod.rs	GrB_Vector_apply_BinaryOp1st_BOOL	12448	AXIOMATISED	bindgen extern decl (GraphBLAS C API); spec = GraphBLAS.h, used via GrbInfo/Index/RowIter axioms
graph/src/graph/graphblas/mod.rs	GrB_Vector_apply_BinaryOp1st_INT8	12459	AXIOMATISED	bindgen extern decl (GraphBLAS C API); spec = GraphBLAS.h, used via GrbInfo/Index/RowIter axioms
graph/src/graph/graphblas/mod.rs	GrB_Vector_apply_BinaryOp1st_INT16	12470	AXIOMATISED	bindgen extern decl (GraphBLAS C API); spec = GraphBLAS.h, used via GrbInfo/Index/RowIter axioms
graph/src/graph/graphblas/mod.rs	GrB_Vector_apply_BinaryOp1st_INT32	12481	AXIOMATISED	bindgen extern decl (GraphBLAS C API); spec = GraphBLAS.h, used via GrbInfo/Index/RowIter axioms
graph/src/graph/graphblas/mod.rs	GrB_Vector_apply_BinaryOp1st_INT64	12492	AXIOMATISED	bindgen extern decl (GraphBLAS C API); spec = GraphBLAS.h, used via GrbInfo/Index/RowIter axioms
graph/src/graph/graphblas/mod.rs	GrB_Vector_apply_BinaryOp1st_UINT8	12503	AXIOMATISED	bindgen extern decl (GraphBLAS C API); spec = GraphBLAS.h, used via GrbInfo/Index/RowIter axioms
graph/src/graph/graphblas/mod.rs	GrB_Vector_apply_BinaryOp1st_UINT16	12514	AXIOMATISED	bindgen extern decl (GraphBLAS C API); spec = GraphBLAS.h, used via GrbInfo/Index/RowIter axioms
graph/src/graph/graphblas/mod.rs	GrB_Vector_apply_BinaryOp1st_UINT32	12525	AXIOMATISED	bindgen extern decl (GraphBLAS C API); spec = GraphBLAS.h, used via GrbInfo/Index/RowIter axioms
graph/src/graph/graphblas/mod.rs	GrB_Vector_apply_BinaryOp1st_UINT64	12536	AXIOMATISED	bindgen extern decl (GraphBLAS C API); spec = GraphBLAS.h, used via GrbInfo/Index/RowIter axioms
graph/src/graph/graphblas/mod.rs	GrB_Vector_apply_BinaryOp1st_FP32	12547	AXIOMATISED	bindgen extern decl (GraphBLAS C API); spec = GraphBLAS.h, used via GrbInfo/Index/RowIter axioms
graph/src/graph/graphblas/mod.rs	GrB_Vector_apply_BinaryOp1st_FP64	12558	AXIOMATISED	bindgen extern decl (GraphBLAS C API); spec = GraphBLAS.h, used via GrbInfo/Index/RowIter axioms
graph/src/graph/graphblas/mod.rs	GxB_Vector_apply_BinaryOp1st_FC32	12569	AXIOMATISED	bindgen extern decl (GraphBLAS C API); spec = GraphBLAS.h, used via GrbInfo/Index/RowIter axioms
graph/src/graph/graphblas/mod.rs	GxB_Vector_apply_BinaryOp1st_FC64	12580	AXIOMATISED	bindgen extern decl (GraphBLAS C API); spec = GraphBLAS.h, used via GrbInfo/Index/RowIter axioms
graph/src/graph/graphblas/mod.rs	GrB_Vector_apply_BinaryOp1st_UDT	12591	AXIOMATISED	bindgen extern decl (GraphBLAS C API); spec = GraphBLAS.h, used via GrbInfo/Index/RowIter axioms
graph/src/graph/graphblas/mod.rs	GrB_Vector_apply_BinaryOp2nd_Scalar	12602	AXIOMATISED	bindgen extern decl (GraphBLAS C API); spec = GraphBLAS.h, used via GrbInfo/Index/RowIter axioms
graph/src/graph/graphblas/mod.rs	GrB_Vector_apply_BinaryOp2nd_BOOL	12613	AXIOMATISED	bindgen extern decl (GraphBLAS C API); spec = GraphBLAS.h, used via GrbInfo/Index/RowIter axioms
graph/src/graph/graphblas/mod.rs	GrB_Vector_apply_BinaryOp2nd_INT8	12624	AXIOMATISED	bindgen extern decl (GraphBLAS C API); spec = GraphBLAS.h, used via GrbInfo/Index/RowIter axioms
graph/src/graph/graphblas/mod.rs	GrB_Vector_apply_BinaryOp2nd_INT16	12635	AXIOMATISED	bindgen extern decl (GraphBLAS C API); spec = GraphBLAS.h, used via GrbInfo/Index/RowIter axioms
graph/src/graph/graphblas/mod.rs	GrB_Vector_apply_BinaryOp2nd_INT32	12646	AXIOMATISED	bindgen extern decl (GraphBLAS C API); spec = GraphBLAS.h, used via GrbInfo/Index/RowIter axioms
graph/src/graph/graphblas/mod.rs	GrB_Vector_apply_BinaryOp2nd_INT64	12657	AXIOMATISED	bindgen extern decl (GraphBLAS C API); spec = GraphBLAS.h, used via GrbInfo/Index/RowIter axioms
graph/src/graph/graphblas/mod.rs	GrB_Vector_apply_BinaryOp2nd_UINT8	12668	AXIOMATISED	bindgen extern decl (GraphBLAS C API); spec = GraphBLAS.h, used via GrbInfo/Index/RowIter axioms
graph/src/graph/graphblas/mod.rs	GrB_Vector_apply_BinaryOp2nd_UINT16	12679	AXIOMATISED	bindgen extern decl (GraphBLAS C API); spec = GraphBLAS.h, used via GrbInfo/Index/RowIter axioms
graph/src/graph/graphblas/mod.rs	GrB_Vector_apply_BinaryOp2nd_UINT32	12690	AXIOMATISED	bindgen extern decl (GraphBLAS C API); spec = GraphBLAS.h, used via GrbInfo/Index/RowIter axioms
graph/src/graph/graphblas/mod.rs	GrB_Vector_apply_BinaryOp2nd_UINT64	12701	AXIOMATISED	bindgen extern decl (GraphBLAS C API); spec = GraphBLAS.h, used via GrbInfo/Index/RowIter axioms
graph/src/graph/graphblas/mod.rs	GrB_Vector_apply_BinaryOp2nd_FP32	12712	AXIOMATISED	bindgen extern decl (GraphBLAS C API); spec = GraphBLAS.h, used via GrbInfo/Index/RowIter axioms
graph/src/graph/graphblas/mod.rs	GrB_Vector_apply_BinaryOp2nd_FP64	12723	AXIOMATISED	bindgen extern decl (GraphBLAS C API); spec = GraphBLAS.h, used via GrbInfo/Index/RowIter axioms
graph/src/graph/graphblas/mod.rs	GxB_Vector_apply_BinaryOp2nd_FC32	12734	AXIOMATISED	bindgen extern decl (GraphBLAS C API); spec = GraphBLAS.h, used via GrbInfo/Index/RowIter axioms
graph/src/graph/graphblas/mod.rs	GxB_Vector_apply_BinaryOp2nd_FC64	12745	AXIOMATISED	bindgen extern decl (GraphBLAS C API); spec = GraphBLAS.h, used via GrbInfo/Index/RowIter axioms
graph/src/graph/graphblas/mod.rs	GrB_Vector_apply_BinaryOp2nd_UDT	12756	AXIOMATISED	bindgen extern decl (GraphBLAS C API); spec = GraphBLAS.h, used via GrbInfo/Index/RowIter axioms
graph/src/graph/graphblas/mod.rs	GrB_Vector_apply_IndexOp_Scalar	12767	AXIOMATISED	bindgen extern decl (GraphBLAS C API); spec = GraphBLAS.h, used via GrbInfo/Index/RowIter axioms
graph/src/graph/graphblas/mod.rs	GrB_Vector_apply_IndexOp_BOOL	12778	AXIOMATISED	bindgen extern decl (GraphBLAS C API); spec = GraphBLAS.h, used via GrbInfo/Index/RowIter axioms
graph/src/graph/graphblas/mod.rs	GrB_Vector_apply_IndexOp_INT8	12789	AXIOMATISED	bindgen extern decl (GraphBLAS C API); spec = GraphBLAS.h, used via GrbInfo/Index/RowIter axioms
graph/src/graph/graphblas/mod.rs	GrB_Vector_apply_IndexOp_INT16	12800	AXIOMATISED	bindgen extern decl (GraphBLAS C API); spec = GraphBLAS.h, used via GrbInfo/Index/RowIter axioms
graph/src/graph/graphblas/mod.rs	GrB_Vector_apply_IndexOp_INT32	12811	AXIOMATISED	bindgen extern decl (GraphBLAS C API); spec = GraphBLAS.h, used via GrbInfo/Index/RowIter axioms
graph/src/graph/graphblas/mod.rs	GrB_Vector_apply_IndexOp_INT64	12822	AXIOMATISED	bindgen extern decl (GraphBLAS C API); spec = GraphBLAS.h, used via GrbInfo/Index/RowIter axioms
graph/src/graph/graphblas/mod.rs	GrB_Vector_apply_IndexOp_UINT8	12833	AXIOMATISED	bindgen extern decl (GraphBLAS C API); spec = GraphBLAS.h, used via GrbInfo/Index/RowIter axioms
graph/src/graph/graphblas/mod.rs	GrB_Vector_apply_IndexOp_UINT16	12844	AXIOMATISED	bindgen extern decl (GraphBLAS C API); spec = GraphBLAS.h, used via GrbInfo/Index/RowIter axioms
graph/src/graph/graphblas/mod.rs	GrB_Vector_apply_IndexOp_UINT32	12855	AXIOMATISED	bindgen extern decl (GraphBLAS C API); spec = GraphBLAS.h, used via GrbInfo/Index/RowIter axioms
graph/src/graph/graphblas/mod.rs	GrB_Vector_apply_IndexOp_UINT64	12866	AXIOMATISED	bindgen extern decl (GraphBLAS C API); spec = GraphBLAS.h, used via GrbInfo/Index/RowIter axioms
graph/src/graph/graphblas/mod.rs	GrB_Vector_apply_IndexOp_FP32	12877	AXIOMATISED	bindgen extern decl (GraphBLAS C API); spec = GraphBLAS.h, used via GrbInfo/Index/RowIter axioms
graph/src/graph/graphblas/mod.rs	GrB_Vector_apply_IndexOp_FP64	12888	AXIOMATISED	bindgen extern decl (GraphBLAS C API); spec = GraphBLAS.h, used via GrbInfo/Index/RowIter axioms
graph/src/graph/graphblas/mod.rs	GxB_Vector_apply_IndexOp_FC32	12899	AXIOMATISED	bindgen extern decl (GraphBLAS C API); spec = GraphBLAS.h, used via GrbInfo/Index/RowIter axioms
graph/src/graph/graphblas/mod.rs	GxB_Vector_apply_IndexOp_FC64	12910	AXIOMATISED	bindgen extern decl (GraphBLAS C API); spec = GraphBLAS.h, used via GrbInfo/Index/RowIter axioms
graph/src/graph/graphblas/mod.rs	GrB_Vector_apply_IndexOp_UDT	12921	AXIOMATISED	bindgen extern decl (GraphBLAS C API); spec = GraphBLAS.h, used via GrbInfo/Index/RowIter axioms
graph/src/graph/graphblas/mod.rs	GrB_Matrix_apply_BinaryOp1st_Scalar	12932	AXIOMATISED	bindgen extern decl (GraphBLAS C API); spec = GraphBLAS.h, used via GrbInfo/Index/RowIter axioms
graph/src/graph/graphblas/mod.rs	GrB_Matrix_apply_BinaryOp1st_BOOL	12943	AXIOMATISED	bindgen extern decl (GraphBLAS C API); spec = GraphBLAS.h, used via GrbInfo/Index/RowIter axioms
graph/src/graph/graphblas/mod.rs	GrB_Matrix_apply_BinaryOp1st_INT8	12954	AXIOMATISED	bindgen extern decl (GraphBLAS C API); spec = GraphBLAS.h, used via GrbInfo/Index/RowIter axioms
graph/src/graph/graphblas/mod.rs	GrB_Matrix_apply_BinaryOp1st_INT16	12965	AXIOMATISED	bindgen extern decl (GraphBLAS C API); spec = GraphBLAS.h, used via GrbInfo/Index/RowIter axioms
graph/src/graph/graphblas/mod.rs	GrB_Matrix_apply_BinaryOp1st_INT32	12976	AXIOMATISED	bindgen extern decl (GraphBLAS C API); spec = GraphBLAS.h, used via GrbInfo/Index/RowIter axioms
graph/src/graph/graphblas/mod.rs	GrB_Matrix_apply_BinaryOp1st_INT64	12987	AXIOMATISED	bindgen extern decl (GraphBLAS C API); spec = GraphBLAS.h, used via GrbInfo/Index/RowIter axioms
graph/src/graph/graphblas/mod.rs	GrB_Matrix_apply_BinaryOp1st_UINT8	12998	AXIOMATISED	bindgen extern decl (GraphBLAS C API); spec = GraphBLAS.h, used via GrbInfo/Index/RowIter axioms
graph/src/graph/graphblas/mod.rs	GrB_Matrix_apply_BinaryOp1st_UINT16	13009	AXIOMATISED	bindgen extern decl (GraphBLAS C API); spec = GraphBLAS.h, used via GrbInfo/Index/RowIter axioms
graph/src/graph/graphblas/mod.rs	GrB_Matrix_apply_BinaryOp1st_UINT32	13020	AXIOMATISED	bindgen extern decl (GraphBLAS C API); spec = GraphBLAS.h, used via GrbInfo/Index/RowIter axioms
graph/src/graph/graphblas/mod.rs	GrB_Matrix_apply_BinaryOp1st_UINT64	13031	AXIOMATISED	bindgen extern decl (GraphBLAS C API); spec = GraphBLAS.h, used via GrbInfo/Index/RowIter axioms
graph/src/graph/graphblas/mod.rs	GrB_Matrix_apply_BinaryOp1st_FP32	13042	AXIOMATISED	bindgen extern decl (GraphBLAS C API); spec = GraphBLAS.h, used via GrbInfo/Index/RowIter axioms
graph/src/graph/graphblas/mod.rs	GrB_Matrix_apply_BinaryOp1st_FP64	13053	AXIOMATISED	bindgen extern decl (GraphBLAS C API); spec = GraphBLAS.h, used via GrbInfo/Index/RowIter axioms
graph/src/graph/graphblas/mod.rs	GxB_Matrix_apply_BinaryOp1st_FC32	13064	AXIOMATISED	bindgen extern decl (GraphBLAS C API); spec = GraphBLAS.h, used via GrbInfo/Index/RowIter axioms
graph/src/graph/graphblas/mod.rs	GxB_Matrix_apply_BinaryOp1st_FC64	13075	AXIOMATISED	bindgen extern decl (GraphBLAS C API); spec = GraphBLAS.h, used via GrbInfo/Index/RowIter axioms
graph/src/graph/graphblas/mod.rs	GrB_Matrix_apply_BinaryOp1st_UDT	13086	AXIOMATISED	bindgen extern decl (GraphBLAS C API); spec = GraphBLAS.h, used via GrbInfo/Index/RowIter axioms
graph/src/graph/graphblas/mod.rs	GrB_Matrix_apply_BinaryOp2nd_Scalar	13097	AXIOMATISED	bindgen extern decl (GraphBLAS C API); spec = GraphBLAS.h, used via GrbInfo/Index/RowIter axioms
graph/src/graph/graphblas/mod.rs	GrB_Matrix_apply_BinaryOp2nd_BOOL	13108	AXIOMATISED	bindgen extern decl (GraphBLAS C API); spec = GraphBLAS.h, used via GrbInfo/Index/RowIter axioms
graph/src/graph/graphblas/mod.rs	GrB_Matrix_apply_BinaryOp2nd_INT8	13119	AXIOMATISED	bindgen extern decl (GraphBLAS C API); spec = GraphBLAS.h, used via GrbInfo/Index/RowIter axioms
graph/src/graph/graphblas/mod.rs	GrB_Matrix_apply_BinaryOp2nd_INT16	13130	AXIOMATISED	bindgen extern decl (GraphBLAS C API); spec = GraphBLAS.h, used via GrbInfo/Index/RowIter axioms
graph/src/graph/graphblas/mod.rs	GrB_Matrix_apply_BinaryOp2nd_INT32	13141	AXIOMATISED	bindgen extern decl (GraphBLAS C API); spec = GraphBLAS.h, used via GrbInfo/Index/RowIter axioms
graph/src/graph/graphblas/mod.rs	GrB_Matrix_apply_BinaryOp2nd_INT64	13152	AXIOMATISED	bindgen extern decl (GraphBLAS C API); spec = GraphBLAS.h, used via GrbInfo/Index/RowIter axioms
graph/src/graph/graphblas/mod.rs	GrB_Matrix_apply_BinaryOp2nd_UINT8	13163	AXIOMATISED	bindgen extern decl (GraphBLAS C API); spec = GraphBLAS.h, used via GrbInfo/Index/RowIter axioms
graph/src/graph/graphblas/mod.rs	GrB_Matrix_apply_BinaryOp2nd_UINT16	13174	AXIOMATISED	bindgen extern decl (GraphBLAS C API); spec = GraphBLAS.h, used via GrbInfo/Index/RowIter axioms
graph/src/graph/graphblas/mod.rs	GrB_Matrix_apply_BinaryOp2nd_UINT32	13185	AXIOMATISED	bindgen extern decl (GraphBLAS C API); spec = GraphBLAS.h, used via GrbInfo/Index/RowIter axioms
graph/src/graph/graphblas/mod.rs	GrB_Matrix_apply_BinaryOp2nd_UINT64	13196	AXIOMATISED	bindgen extern decl (GraphBLAS C API); spec = GraphBLAS.h, used via GrbInfo/Index/RowIter axioms
graph/src/graph/graphblas/mod.rs	GrB_Matrix_apply_BinaryOp2nd_FP32	13207	AXIOMATISED	bindgen extern decl (GraphBLAS C API); spec = GraphBLAS.h, used via GrbInfo/Index/RowIter axioms
graph/src/graph/graphblas/mod.rs	GrB_Matrix_apply_BinaryOp2nd_FP64	13218	AXIOMATISED	bindgen extern decl (GraphBLAS C API); spec = GraphBLAS.h, used via GrbInfo/Index/RowIter axioms
graph/src/graph/graphblas/mod.rs	GxB_Matrix_apply_BinaryOp2nd_FC32	13229	AXIOMATISED	bindgen extern decl (GraphBLAS C API); spec = GraphBLAS.h, used via GrbInfo/Index/RowIter axioms
graph/src/graph/graphblas/mod.rs	GxB_Matrix_apply_BinaryOp2nd_FC64	13240	AXIOMATISED	bindgen extern decl (GraphBLAS C API); spec = GraphBLAS.h, used via GrbInfo/Index/RowIter axioms
graph/src/graph/graphblas/mod.rs	GrB_Matrix_apply_BinaryOp2nd_UDT	13251	AXIOMATISED	bindgen extern decl (GraphBLAS C API); spec = GraphBLAS.h, used via GrbInfo/Index/RowIter axioms
graph/src/graph/graphblas/mod.rs	GrB_Matrix_apply_IndexOp_Scalar	13262	AXIOMATISED	bindgen extern decl (GraphBLAS C API); spec = GraphBLAS.h, used via GrbInfo/Index/RowIter axioms
graph/src/graph/graphblas/mod.rs	GrB_Matrix_apply_IndexOp_BOOL	13273	AXIOMATISED	bindgen extern decl (GraphBLAS C API); spec = GraphBLAS.h, used via GrbInfo/Index/RowIter axioms
graph/src/graph/graphblas/mod.rs	GrB_Matrix_apply_IndexOp_INT8	13284	AXIOMATISED	bindgen extern decl (GraphBLAS C API); spec = GraphBLAS.h, used via GrbInfo/Index/RowIter axioms
graph/src/graph/graphblas/mod.rs	GrB_Matrix_apply_IndexOp_INT16	13295	AXIOMATISED	bindgen extern decl (GraphBLAS C API); spec = GraphBLAS.h, used via GrbInfo/Index/RowIter axioms
graph/src/graph/graphblas/mod.rs	GrB_Matrix_apply_IndexOp_INT32	13306	AXIOMATISED	bindgen extern decl (GraphBLAS C API); spec = GraphBLAS.h, used via GrbInfo/Index/RowIter axioms
graph/src/graph/graphblas/mod.rs	GrB_Matrix_apply_IndexOp_INT64	13317	AXIOMATISED	bindgen extern decl (GraphBLAS C API); spec = GraphBLAS.h, used via GrbInfo/Index/RowIter axioms
graph/src/graph/graphblas/mod.rs	GrB_Matrix_apply_IndexOp_UINT8	13328	AXIOMATISED	bindgen extern decl (GraphBLAS C API); spec = GraphBLAS.h, used via GrbInfo/Index/RowIter axioms
graph/src/graph/graphblas/mod.rs	GrB_Matrix_apply_IndexOp_UINT16	13339	AXIOMATISED	bindgen extern decl (GraphBLAS C API); spec = GraphBLAS.h, used via GrbInfo/Index/RowIter axioms
graph/src/graph/graphblas/mod.rs	GrB_Matrix_apply_IndexOp_UINT32	13350	AXIOMATISED	bindgen extern decl (GraphBLAS C API); spec = GraphBLAS.h, used via GrbInfo/Index/RowIter axioms
graph/src/graph/graphblas/mod.rs	GrB_Matrix_apply_IndexOp_UINT64	13361	AXIOMATISED	bindgen extern decl (GraphBLAS C API); spec = GraphBLAS.h, used via GrbInfo/Index/RowIter axioms
graph/src/graph/graphblas/mod.rs	GrB_Matrix_apply_IndexOp_FP32	13372	AXIOMATISED	bindgen extern decl (GraphBLAS C API); spec = GraphBLAS.h, used via GrbInfo/Index/RowIter axioms
graph/src/graph/graphblas/mod.rs	GrB_Matrix_apply_IndexOp_FP64	13383	AXIOMATISED	bindgen extern decl (GraphBLAS C API); spec = GraphBLAS.h, used via GrbInfo/Index/RowIter axioms
graph/src/graph/graphblas/mod.rs	GxB_Matrix_apply_IndexOp_FC32	13394	AXIOMATISED	bindgen extern decl (GraphBLAS C API); spec = GraphBLAS.h, used via GrbInfo/Index/RowIter axioms
graph/src/graph/graphblas/mod.rs	GxB_Matrix_apply_IndexOp_FC64	13405	AXIOMATISED	bindgen extern decl (GraphBLAS C API); spec = GraphBLAS.h, used via GrbInfo/Index/RowIter axioms
graph/src/graph/graphblas/mod.rs	GrB_Matrix_apply_IndexOp_UDT	13416	AXIOMATISED	bindgen extern decl (GraphBLAS C API); spec = GraphBLAS.h, used via GrbInfo/Index/RowIter axioms
graph/src/graph/graphblas/mod.rs	GrB_Vector_select_Scalar	13427	AXIOMATISED	bindgen extern decl (GraphBLAS C API); spec = GraphBLAS.h, used via GrbInfo/Index/RowIter axioms
graph/src/graph/graphblas/mod.rs	GrB_Vector_select_BOOL	13438	AXIOMATISED	bindgen extern decl (GraphBLAS C API); spec = GraphBLAS.h, used via GrbInfo/Index/RowIter axioms
graph/src/graph/graphblas/mod.rs	GrB_Vector_select_INT8	13449	AXIOMATISED	bindgen extern decl (GraphBLAS C API); spec = GraphBLAS.h, used via GrbInfo/Index/RowIter axioms
graph/src/graph/graphblas/mod.rs	GrB_Vector_select_INT16	13460	AXIOMATISED	bindgen extern decl (GraphBLAS C API); spec = GraphBLAS.h, used via GrbInfo/Index/RowIter axioms
graph/src/graph/graphblas/mod.rs	GrB_Vector_select_INT32	13471	AXIOMATISED	bindgen extern decl (GraphBLAS C API); spec = GraphBLAS.h, used via GrbInfo/Index/RowIter axioms
graph/src/graph/graphblas/mod.rs	GrB_Vector_select_INT64	13482	AXIOMATISED	bindgen extern decl (GraphBLAS C API); spec = GraphBLAS.h, used via GrbInfo/Index/RowIter axioms
graph/src/graph/graphblas/mod.rs	GrB_Vector_select_UINT8	13493	AXIOMATISED	bindgen extern decl (GraphBLAS C API); spec = GraphBLAS.h, used via GrbInfo/Index/RowIter axioms
graph/src/graph/graphblas/mod.rs	GrB_Vector_select_UINT16	13504	AXIOMATISED	bindgen extern decl (GraphBLAS C API); spec = GraphBLAS.h, used via GrbInfo/Index/RowIter axioms
graph/src/graph/graphblas/mod.rs	GrB_Vector_select_UINT32	13515	AXIOMATISED	bindgen extern decl (GraphBLAS C API); spec = GraphBLAS.h, used via GrbInfo/Index/RowIter axioms
graph/src/graph/graphblas/mod.rs	GrB_Vector_select_UINT64	13526	AXIOMATISED	bindgen extern decl (GraphBLAS C API); spec = GraphBLAS.h, used via GrbInfo/Index/RowIter axioms
graph/src/graph/graphblas/mod.rs	GrB_Vector_select_FP32	13537	AXIOMATISED	bindgen extern decl (GraphBLAS C API); spec = GraphBLAS.h, used via GrbInfo/Index/RowIter axioms
graph/src/graph/graphblas/mod.rs	GrB_Vector_select_FP64	13548	AXIOMATISED	bindgen extern decl (GraphBLAS C API); spec = GraphBLAS.h, used via GrbInfo/Index/RowIter axioms
graph/src/graph/graphblas/mod.rs	GxB_Vector_select_FC32	13559	AXIOMATISED	bindgen extern decl (GraphBLAS C API); spec = GraphBLAS.h, used via GrbInfo/Index/RowIter axioms
graph/src/graph/graphblas/mod.rs	GxB_Vector_select_FC64	13570	AXIOMATISED	bindgen extern decl (GraphBLAS C API); spec = GraphBLAS.h, used via GrbInfo/Index/RowIter axioms
graph/src/graph/graphblas/mod.rs	GrB_Vector_select_UDT	13581	AXIOMATISED	bindgen extern decl (GraphBLAS C API); spec = GraphBLAS.h, used via GrbInfo/Index/RowIter axioms
graph/src/graph/graphblas/mod.rs	GrB_Matrix_select_Scalar	13592	AXIOMATISED	bindgen extern decl (GraphBLAS C API); spec = GraphBLAS.h, used via GrbInfo/Index/RowIter axioms
graph/src/graph/graphblas/mod.rs	GrB_Matrix_select_BOOL	13603	AXIOMATISED	bindgen extern decl (GraphBLAS C API); spec = GraphBLAS.h, used via GrbInfo/Index/RowIter axioms
graph/src/graph/graphblas/mod.rs	GrB_Matrix_select_INT8	13614	AXIOMATISED	bindgen extern decl (GraphBLAS C API); spec = GraphBLAS.h, used via GrbInfo/Index/RowIter axioms
graph/src/graph/graphblas/mod.rs	GrB_Matrix_select_INT16	13625	AXIOMATISED	bindgen extern decl (GraphBLAS C API); spec = GraphBLAS.h, used via GrbInfo/Index/RowIter axioms
graph/src/graph/graphblas/mod.rs	GrB_Matrix_select_INT32	13636	AXIOMATISED	bindgen extern decl (GraphBLAS C API); spec = GraphBLAS.h, used via GrbInfo/Index/RowIter axioms
graph/src/graph/graphblas/mod.rs	GrB_Matrix_select_INT64	13647	AXIOMATISED	bindgen extern decl (GraphBLAS C API); spec = GraphBLAS.h, used via GrbInfo/Index/RowIter axioms
graph/src/graph/graphblas/mod.rs	GrB_Matrix_select_UINT8	13658	AXIOMATISED	bindgen extern decl (GraphBLAS C API); spec = GraphBLAS.h, used via GrbInfo/Index/RowIter axioms
graph/src/graph/graphblas/mod.rs	GrB_Matrix_select_UINT16	13669	AXIOMATISED	bindgen extern decl (GraphBLAS C API); spec = GraphBLAS.h, used via GrbInfo/Index/RowIter axioms
graph/src/graph/graphblas/mod.rs	GrB_Matrix_select_UINT32	13680	AXIOMATISED	bindgen extern decl (GraphBLAS C API); spec = GraphBLAS.h, used via GrbInfo/Index/RowIter axioms
graph/src/graph/graphblas/mod.rs	GrB_Matrix_select_UINT64	13691	AXIOMATISED	bindgen extern decl (GraphBLAS C API); spec = GraphBLAS.h, used via GrbInfo/Index/RowIter axioms
graph/src/graph/graphblas/mod.rs	GrB_Matrix_select_FP32	13702	AXIOMATISED	bindgen extern decl (GraphBLAS C API); spec = GraphBLAS.h, used via GrbInfo/Index/RowIter axioms
graph/src/graph/graphblas/mod.rs	GrB_Matrix_select_FP64	13713	AXIOMATISED	bindgen extern decl (GraphBLAS C API); spec = GraphBLAS.h, used via GrbInfo/Index/RowIter axioms
graph/src/graph/graphblas/mod.rs	GxB_Matrix_select_FC32	13724	AXIOMATISED	bindgen extern decl (GraphBLAS C API); spec = GraphBLAS.h, used via GrbInfo/Index/RowIter axioms
graph/src/graph/graphblas/mod.rs	GxB_Matrix_select_FC64	13735	AXIOMATISED	bindgen extern decl (GraphBLAS C API); spec = GraphBLAS.h, used via GrbInfo/Index/RowIter axioms
graph/src/graph/graphblas/mod.rs	GrB_Matrix_select_UDT	13746	AXIOMATISED	bindgen extern decl (GraphBLAS C API); spec = GraphBLAS.h, used via GrbInfo/Index/RowIter axioms
graph/src/graph/graphblas/mod.rs	GrB_Matrix_reduce_Monoid	13757	AXIOMATISED	bindgen extern decl (GraphBLAS C API); spec = GraphBLAS.h, used via GrbInfo/Index/RowIter axioms
graph/src/graph/graphblas/mod.rs	GrB_Vector_reduce_Monoid_Scalar	13767	AXIOMATISED	bindgen extern decl (GraphBLAS C API); spec = GraphBLAS.h, used via GrbInfo/Index/RowIter axioms
graph/src/graph/graphblas/mod.rs	GrB_Vector_reduce_BOOL	13776	AXIOMATISED	bindgen extern decl (GraphBLAS C API); spec = GraphBLAS.h, used via GrbInfo/Index/RowIter axioms
graph/src/graph/graphblas/mod.rs	GrB_Vector_reduce_INT8	13785	AXIOMATISED	bindgen extern decl (GraphBLAS C API); spec = GraphBLAS.h, used via GrbInfo/Index/RowIter axioms
graph/src/graph/graphblas/mod.rs	GrB_Vector_reduce_INT16	13794	AXIOMATISED	bindgen extern decl (GraphBLAS C API); spec = GraphBLAS.h, used via GrbInfo/Index/RowIter axioms
graph/src/graph/graphblas/mod.rs	GrB_Vector_reduce_INT32	13803	AXIOMATISED	bindgen extern decl (GraphBLAS C API); spec = GraphBLAS.h, used via GrbInfo/Index/RowIter axioms
graph/src/graph/graphblas/mod.rs	GrB_Vector_reduce_INT64	13812	AXIOMATISED	bindgen extern decl (GraphBLAS C API); spec = GraphBLAS.h, used via GrbInfo/Index/RowIter axioms
graph/src/graph/graphblas/mod.rs	GrB_Vector_reduce_UINT8	13821	AXIOMATISED	bindgen extern decl (GraphBLAS C API); spec = GraphBLAS.h, used via GrbInfo/Index/RowIter axioms
graph/src/graph/graphblas/mod.rs	GrB_Vector_reduce_UINT16	13830	AXIOMATISED	bindgen extern decl (GraphBLAS C API); spec = GraphBLAS.h, used via GrbInfo/Index/RowIter axioms
graph/src/graph/graphblas/mod.rs	GrB_Vector_reduce_UINT32	13839	AXIOMATISED	bindgen extern decl (GraphBLAS C API); spec = GraphBLAS.h, used via GrbInfo/Index/RowIter axioms
graph/src/graph/graphblas/mod.rs	GrB_Vector_reduce_UINT64	13848	AXIOMATISED	bindgen extern decl (GraphBLAS C API); spec = GraphBLAS.h, used via GrbInfo/Index/RowIter axioms
graph/src/graph/graphblas/mod.rs	GrB_Vector_reduce_FP32	13857	AXIOMATISED	bindgen extern decl (GraphBLAS C API); spec = GraphBLAS.h, used via GrbInfo/Index/RowIter axioms
graph/src/graph/graphblas/mod.rs	GrB_Vector_reduce_FP64	13866	AXIOMATISED	bindgen extern decl (GraphBLAS C API); spec = GraphBLAS.h, used via GrbInfo/Index/RowIter axioms
graph/src/graph/graphblas/mod.rs	GxB_Vector_reduce_FC32	13875	AXIOMATISED	bindgen extern decl (GraphBLAS C API); spec = GraphBLAS.h, used via GrbInfo/Index/RowIter axioms
graph/src/graph/graphblas/mod.rs	GxB_Vector_reduce_FC64	13884	AXIOMATISED	bindgen extern decl (GraphBLAS C API); spec = GraphBLAS.h, used via GrbInfo/Index/RowIter axioms
graph/src/graph/graphblas/mod.rs	GrB_Vector_reduce_UDT	13893	AXIOMATISED	bindgen extern decl (GraphBLAS C API); spec = GraphBLAS.h, used via GrbInfo/Index/RowIter axioms
graph/src/graph/graphblas/mod.rs	GrB_Matrix_reduce_Monoid_Scalar	13902	AXIOMATISED	bindgen extern decl (GraphBLAS C API); spec = GraphBLAS.h, used via GrbInfo/Index/RowIter axioms
graph/src/graph/graphblas/mod.rs	GrB_Matrix_reduce_BOOL	13911	AXIOMATISED	bindgen extern decl (GraphBLAS C API); spec = GraphBLAS.h, used via GrbInfo/Index/RowIter axioms
graph/src/graph/graphblas/mod.rs	GrB_Matrix_reduce_INT8	13920	AXIOMATISED	bindgen extern decl (GraphBLAS C API); spec = GraphBLAS.h, used via GrbInfo/Index/RowIter axioms
graph/src/graph/graphblas/mod.rs	GrB_Matrix_reduce_INT16	13929	AXIOMATISED	bindgen extern decl (GraphBLAS C API); spec = GraphBLAS.h, used via GrbInfo/Index/RowIter axioms
graph/src/graph/graphblas/mod.rs	GrB_Matrix_reduce_INT32	13938	AXIOMATISED	bindgen extern decl (GraphBLAS C API); spec = GraphBLAS.h, used via GrbInfo/Index/RowIter axioms
graph/src/graph/graphblas/mod.rs	GrB_Matrix_reduce_INT64	13947	AXIOMATISED	bindgen extern decl (GraphBLAS C API); spec = GraphBLAS.h, used via GrbInfo/Index/RowIter axioms
graph/src/graph/graphblas/mod.rs	GrB_Matrix_reduce_UINT8	13956	AXIOMATISED	bindgen extern decl (GraphBLAS C API); spec = GraphBLAS.h, used via GrbInfo/Index/RowIter axioms
graph/src/graph/graphblas/mod.rs	GrB_Matrix_reduce_UINT16	13965	AXIOMATISED	bindgen extern decl (GraphBLAS C API); spec = GraphBLAS.h, used via GrbInfo/Index/RowIter axioms
graph/src/graph/graphblas/mod.rs	GrB_Matrix_reduce_UINT32	13974	AXIOMATISED	bindgen extern decl (GraphBLAS C API); spec = GraphBLAS.h, used via GrbInfo/Index/RowIter axioms
graph/src/graph/graphblas/mod.rs	GrB_Matrix_reduce_UINT64	13983	AXIOMATISED	bindgen extern decl (GraphBLAS C API); spec = GraphBLAS.h, used via GrbInfo/Index/RowIter axioms
graph/src/graph/graphblas/mod.rs	GrB_Matrix_reduce_FP32	13992	AXIOMATISED	bindgen extern decl (GraphBLAS C API); spec = GraphBLAS.h, used via GrbInfo/Index/RowIter axioms
graph/src/graph/graphblas/mod.rs	GrB_Matrix_reduce_FP64	14001	AXIOMATISED	bindgen extern decl (GraphBLAS C API); spec = GraphBLAS.h, used via GrbInfo/Index/RowIter axioms
graph/src/graph/graphblas/mod.rs	GxB_Matrix_reduce_FC32	14010	AXIOMATISED	bindgen extern decl (GraphBLAS C API); spec = GraphBLAS.h, used via GrbInfo/Index/RowIter axioms
graph/src/graph/graphblas/mod.rs	GxB_Matrix_reduce_FC64	14019	AXIOMATISED	bindgen extern decl (GraphBLAS C API); spec = GraphBLAS.h, used via GrbInfo/Index/RowIter axioms
graph/src/graph/graphblas/mod.rs	GrB_Matrix_reduce_UDT	14028	AXIOMATISED	bindgen extern decl (GraphBLAS C API); spec = GraphBLAS.h, used via GrbInfo/Index/RowIter axioms
graph/src/graph/graphblas/mod.rs	GrB_Matrix_reduce_BinaryOp	14037	AXIOMATISED	bindgen extern decl (GraphBLAS C API); spec = GraphBLAS.h, used via GrbInfo/Index/RowIter axioms
graph/src/graph/graphblas/mod.rs	GrB_Vector_reduce_BinaryOp_Scalar	14047	AXIOMATISED	bindgen extern decl (GraphBLAS C API); spec = GraphBLAS.h, used via GrbInfo/Index/RowIter axioms
graph/src/graph/graphblas/mod.rs	GrB_Matrix_reduce_BinaryOp_Scalar	14056	AXIOMATISED	bindgen extern decl (GraphBLAS C API); spec = GraphBLAS.h, used via GrbInfo/Index/RowIter axioms
graph/src/graph/graphblas/mod.rs	GrB_transpose	14065	AXIOMATISED	bindgen extern decl (GraphBLAS C API); spec = GraphBLAS.h, used via GrbInfo/Index/RowIter axioms
graph/src/graph/graphblas/mod.rs	GrB_Matrix_kronecker_BinaryOp	14074	AXIOMATISED	bindgen extern decl (GraphBLAS C API); spec = GraphBLAS.h, used via GrbInfo/Index/RowIter axioms
graph/src/graph/graphblas/mod.rs	GrB_Matrix_kronecker_Monoid	14085	AXIOMATISED	bindgen extern decl (GraphBLAS C API); spec = GraphBLAS.h, used via GrbInfo/Index/RowIter axioms
graph/src/graph/graphblas/mod.rs	GrB_Matrix_kronecker_Semiring	14096	AXIOMATISED	bindgen extern decl (GraphBLAS C API); spec = GraphBLAS.h, used via GrbInfo/Index/RowIter axioms
graph/src/graph/graphblas/mod.rs	GrB_Matrix_resize	14107	AXIOMATISED	bindgen extern decl (GraphBLAS C API); spec = GraphBLAS.h, used via GrbInfo/Index/RowIter axioms
graph/src/graph/graphblas/mod.rs	GrB_Vector_resize	14114	AXIOMATISED	bindgen extern decl (GraphBLAS C API); spec = GraphBLAS.h, used via GrbInfo/Index/RowIter axioms
graph/src/graph/graphblas/mod.rs	GxB_Type_fprint	14120	AXIOMATISED	bindgen extern decl (GraphBLAS C API); spec = GraphBLAS.h, used via GrbInfo/Index/RowIter axioms
graph/src/graph/graphblas/mod.rs	GxB_UnaryOp_fprint	14128	AXIOMATISED	bindgen extern decl (GraphBLAS C API); spec = GraphBLAS.h, used via GrbInfo/Index/RowIter axioms
graph/src/graph/graphblas/mod.rs	GxB_BinaryOp_fprint	14136	AXIOMATISED	bindgen extern decl (GraphBLAS C API); spec = GraphBLAS.h, used via GrbInfo/Index/RowIter axioms
graph/src/graph/graphblas/mod.rs	GxB_IndexUnaryOp_fprint	14144	AXIOMATISED	bindgen extern decl (GraphBLAS C API); spec = GraphBLAS.h, used via GrbInfo/Index/RowIter axioms
graph/src/graph/graphblas/mod.rs	GxB_IndexBinaryOp_fprint	14152	AXIOMATISED	bindgen extern decl (GraphBLAS C API); spec = GraphBLAS.h, used via GrbInfo/Index/RowIter axioms
graph/src/graph/graphblas/mod.rs	GxB_Monoid_fprint	14160	AXIOMATISED	bindgen extern decl (GraphBLAS C API); spec = GraphBLAS.h, used via GrbInfo/Index/RowIter axioms
graph/src/graph/graphblas/mod.rs	GxB_Semiring_fprint	14168	AXIOMATISED	bindgen extern decl (GraphBLAS C API); spec = GraphBLAS.h, used via GrbInfo/Index/RowIter axioms
graph/src/graph/graphblas/mod.rs	GxB_Descriptor_fprint	14176	AXIOMATISED	bindgen extern decl (GraphBLAS C API); spec = GraphBLAS.h, used via GrbInfo/Index/RowIter axioms
graph/src/graph/graphblas/mod.rs	GxB_Matrix_fprint	14184	AXIOMATISED	bindgen extern decl (GraphBLAS C API); spec = GraphBLAS.h, used via GrbInfo/Index/RowIter axioms
graph/src/graph/graphblas/mod.rs	GxB_Vector_fprint	14192	AXIOMATISED	bindgen extern decl (GraphBLAS C API); spec = GraphBLAS.h, used via GrbInfo/Index/RowIter axioms
graph/src/graph/graphblas/mod.rs	GxB_Scalar_fprint	14200	AXIOMATISED	bindgen extern decl (GraphBLAS C API); spec = GraphBLAS.h, used via GrbInfo/Index/RowIter axioms
graph/src/graph/graphblas/mod.rs	GxB_Context_fprint	14208	AXIOMATISED	bindgen extern decl (GraphBLAS C API); spec = GraphBLAS.h, used via GrbInfo/Index/RowIter axioms
graph/src/graph/graphblas/mod.rs	GxB_Container_new	14292	AXIOMATISED	bindgen extern decl (GraphBLAS C API); spec = GraphBLAS.h, used via GrbInfo/Index/RowIter axioms
graph/src/graph/graphblas/mod.rs	GxB_Container_new_arena	14295	AXIOMATISED	bindgen extern decl (GraphBLAS C API); spec = GraphBLAS.h, used via GrbInfo/Index/RowIter axioms
graph/src/graph/graphblas/mod.rs	GxB_load_Matrix_from_Container	14302	AXIOMATISED	bindgen extern decl (GraphBLAS C API); spec = GraphBLAS.h, used via GrbInfo/Index/RowIter axioms
graph/src/graph/graphblas/mod.rs	GxB_load_Vector_from_Container	14309	AXIOMATISED	bindgen extern decl (GraphBLAS C API); spec = GraphBLAS.h, used via GrbInfo/Index/RowIter axioms
graph/src/graph/graphblas/mod.rs	GxB_unload_Matrix_into_Container	14316	AXIOMATISED	bindgen extern decl (GraphBLAS C API); spec = GraphBLAS.h, used via GrbInfo/Index/RowIter axioms
graph/src/graph/graphblas/mod.rs	GxB_unload_Vector_into_Container	14323	AXIOMATISED	bindgen extern decl (GraphBLAS C API); spec = GraphBLAS.h, used via GrbInfo/Index/RowIter axioms
graph/src/graph/graphblas/mod.rs	GxB_Vector_load	14330	AXIOMATISED	bindgen extern decl (GraphBLAS C API); spec = GraphBLAS.h, used via GrbInfo/Index/RowIter axioms
graph/src/graph/graphblas/mod.rs	GxB_Vector_unload	14341	AXIOMATISED	bindgen extern decl (GraphBLAS C API); spec = GraphBLAS.h, used via GrbInfo/Index/RowIter axioms
graph/src/graph/graphblas/mod.rs	GrB_Matrix_import_BOOL	14352	AXIOMATISED	bindgen extern decl (GraphBLAS C API); spec = GraphBLAS.h, used via GrbInfo/Index/RowIter axioms
graph/src/graph/graphblas/mod.rs	GrB_Matrix_import_INT8	14367	AXIOMATISED	bindgen extern decl (GraphBLAS C API); spec = GraphBLAS.h, used via GrbInfo/Index/RowIter axioms
graph/src/graph/graphblas/mod.rs	GrB_Matrix_import_INT16	14382	AXIOMATISED	bindgen extern decl (GraphBLAS C API); spec = GraphBLAS.h, used via GrbInfo/Index/RowIter axioms
graph/src/graph/graphblas/mod.rs	GrB_Matrix_import_INT32	14397	AXIOMATISED	bindgen extern decl (GraphBLAS C API); spec = GraphBLAS.h, used via GrbInfo/Index/RowIter axioms
graph/src/graph/graphblas/mod.rs	GrB_Matrix_import_INT64	14412	AXIOMATISED	bindgen extern decl (GraphBLAS C API); spec = GraphBLAS.h, used via GrbInfo/Index/RowIter axioms
graph/src/graph/graphblas/mod.rs	GrB_Matrix_import_UINT8	14427	AXIOMATISED	bindgen extern decl (GraphBLAS C API); spec = GraphBLAS.h, used via GrbInfo/Index/RowIter axioms
graph/src/graph/graphblas/mod.rs	GrB_Matrix_import_UINT16	14442	AXIOMATISED	bindgen extern decl (GraphBLAS C API); spec = GraphBLAS.h, used via GrbInfo/Index/RowIter axioms
graph/src/graph/graphblas/mod.rs	GrB_Matrix_import_UINT32	14457	AXIOMATISED	bindgen extern decl (GraphBLAS C API); spec = GraphBLAS.h, used via GrbInfo/Index/RowIter axioms
graph/src/graph/graphblas/mod.rs	GrB_Matrix_import_UINT64	14472	AXIOMATISED	bindgen extern decl (GraphBLAS C API); spec = GraphBLAS.h, used via GrbInfo/Index/RowIter axioms
graph/src/graph/graphblas/mod.rs	GrB_Matrix_import_FP32	14487	AXIOMATISED	bindgen extern decl (GraphBLAS C API); spec = GraphBLAS.h, used via GrbInfo/Index/RowIter axioms
graph/src/graph/graphblas/mod.rs	GrB_Matrix_import_FP64	14502	AXIOMATISED	bindgen extern decl (GraphBLAS C API); spec = GraphBLAS.h, used via GrbInfo/Index/RowIter axioms
graph/src/graph/graphblas/mod.rs	GxB_Matrix_import_FC32	14517	AXIOMATISED	bindgen extern decl (GraphBLAS C API); spec = GraphBLAS.h, used via GrbInfo/Index/RowIter axioms
graph/src/graph/graphblas/mod.rs	GxB_Matrix_import_FC64	14532	AXIOMATISED	bindgen extern decl (GraphBLAS C API); spec = GraphBLAS.h, used via GrbInfo/Index/RowIter axioms
graph/src/graph/graphblas/mod.rs	GrB_Matrix_import_UDT	14547	AXIOMATISED	bindgen extern decl (GraphBLAS C API); spec = GraphBLAS.h, used via GrbInfo/Index/RowIter axioms
graph/src/graph/graphblas/mod.rs	GrB_Matrix_export_BOOL	14562	AXIOMATISED	bindgen extern decl (GraphBLAS C API); spec = GraphBLAS.h, used via GrbInfo/Index/RowIter axioms
graph/src/graph/graphblas/mod.rs	GrB_Matrix_export_INT8	14574	AXIOMATISED	bindgen extern decl (GraphBLAS C API); spec = GraphBLAS.h, used via GrbInfo/Index/RowIter axioms
graph/src/graph/graphblas/mod.rs	GrB_Matrix_export_INT16	14586	AXIOMATISED	bindgen extern decl (GraphBLAS C API); spec = GraphBLAS.h, used via GrbInfo/Index/RowIter axioms
graph/src/graph/graphblas/mod.rs	GrB_Matrix_export_INT32	14598	AXIOMATISED	bindgen extern decl (GraphBLAS C API); spec = GraphBLAS.h, used via GrbInfo/Index/RowIter axioms
graph/src/graph/graphblas/mod.rs	GrB_Matrix_export_INT64	14610	AXIOMATISED	bindgen extern decl (GraphBLAS C API); spec = GraphBLAS.h, used via GrbInfo/Index/RowIter axioms
graph/src/graph/graphblas/mod.rs	GrB_Matrix_export_UINT8	14622	AXIOMATISED	bindgen extern decl (GraphBLAS C API); spec = GraphBLAS.h, used via GrbInfo/Index/RowIter axioms
graph/src/graph/graphblas/mod.rs	GrB_Matrix_export_UINT16	14634	AXIOMATISED	bindgen extern decl (GraphBLAS C API); spec = GraphBLAS.h, used via GrbInfo/Index/RowIter axioms
graph/src/graph/graphblas/mod.rs	GrB_Matrix_export_UINT32	14646	AXIOMATISED	bindgen extern decl (GraphBLAS C API); spec = GraphBLAS.h, used via GrbInfo/Index/RowIter axioms
graph/src/graph/graphblas/mod.rs	GrB_Matrix_export_UINT64	14658	AXIOMATISED	bindgen extern decl (GraphBLAS C API); spec = GraphBLAS.h, used via GrbInfo/Index/RowIter axioms
graph/src/graph/graphblas/mod.rs	GrB_Matrix_export_FP32	14670	AXIOMATISED	bindgen extern decl (GraphBLAS C API); spec = GraphBLAS.h, used via GrbInfo/Index/RowIter axioms
graph/src/graph/graphblas/mod.rs	GrB_Matrix_export_FP64	14682	AXIOMATISED	bindgen extern decl (GraphBLAS C API); spec = GraphBLAS.h, used via GrbInfo/Index/RowIter axioms
graph/src/graph/graphblas/mod.rs	GxB_Matrix_export_FC32	14694	AXIOMATISED	bindgen extern decl (GraphBLAS C API); spec = GraphBLAS.h, used via GrbInfo/Index/RowIter axioms
graph/src/graph/graphblas/mod.rs	GxB_Matrix_export_FC64	14706	AXIOMATISED	bindgen extern decl (GraphBLAS C API); spec = GraphBLAS.h, used via GrbInfo/Index/RowIter axioms
graph/src/graph/graphblas/mod.rs	GrB_Matrix_export_UDT	14718	AXIOMATISED	bindgen extern decl (GraphBLAS C API); spec = GraphBLAS.h, used via GrbInfo/Index/RowIter axioms
graph/src/graph/graphblas/mod.rs	GrB_Matrix_exportSize	14730	AXIOMATISED	bindgen extern decl (GraphBLAS C API); spec = GraphBLAS.h, used via GrbInfo/Index/RowIter axioms
graph/src/graph/graphblas/mod.rs	GrB_Matrix_exportHint	14739	AXIOMATISED	bindgen extern decl (GraphBLAS C API); spec = GraphBLAS.h, used via GrbInfo/Index/RowIter axioms
graph/src/graph/graphblas/mod.rs	GxB_Matrix_serialize	14745	AXIOMATISED	bindgen extern decl (GraphBLAS C API); spec = GraphBLAS.h, used via GrbInfo/Index/RowIter axioms
graph/src/graph/graphblas/mod.rs	GxB_Matrix_serialize_arena	14753	AXIOMATISED	bindgen extern decl (GraphBLAS C API); spec = GraphBLAS.h, used via GrbInfo/Index/RowIter axioms
graph/src/graph/graphblas/mod.rs	GrB_Matrix_serialize	14762	AXIOMATISED	bindgen extern decl (GraphBLAS C API); spec = GraphBLAS.h, used via GrbInfo/Index/RowIter axioms
graph/src/graph/graphblas/mod.rs	GxB_Vector_serialize	14769	AXIOMATISED	bindgen extern decl (GraphBLAS C API); spec = GraphBLAS.h, used via GrbInfo/Index/RowIter axioms
graph/src/graph/graphblas/mod.rs	GxB_Vector_serialize_arena	14777	AXIOMATISED	bindgen extern decl (GraphBLAS C API); spec = GraphBLAS.h, used via GrbInfo/Index/RowIter axioms
graph/src/graph/graphblas/mod.rs	GrB_Matrix_serializeSize	14786	AXIOMATISED	bindgen extern decl (GraphBLAS C API); spec = GraphBLAS.h, used via GrbInfo/Index/RowIter axioms
graph/src/graph/graphblas/mod.rs	GxB_Matrix_deserialize	14792	AXIOMATISED	bindgen extern decl (GraphBLAS C API); spec = GraphBLAS.h, used via GrbInfo/Index/RowIter axioms
graph/src/graph/graphblas/mod.rs	GxB_Matrix_deserialize_arena	14801	AXIOMATISED	bindgen extern decl (GraphBLAS C API); spec = GraphBLAS.h, used via GrbInfo/Index/RowIter axioms
graph/src/graph/graphblas/mod.rs	GrB_Matrix_deserialize	14812	AXIOMATISED	bindgen extern decl (GraphBLAS C API); spec = GraphBLAS.h, used via GrbInfo/Index/RowIter axioms
graph/src/graph/graphblas/mod.rs	GxB_Vector_deserialize	14820	AXIOMATISED	bindgen extern decl (GraphBLAS C API); spec = GraphBLAS.h, used via GrbInfo/Index/RowIter axioms
graph/src/graph/graphblas/mod.rs	GxB_Vector_deserialize_arena	14829	AXIOMATISED	bindgen extern decl (GraphBLAS C API); spec = GraphBLAS.h, used via GrbInfo/Index/RowIter axioms
graph/src/graph/graphblas/mod.rs	GxB_Vector_sort	14840	AXIOMATISED	bindgen extern decl (GraphBLAS C API); spec = GraphBLAS.h, used via GrbInfo/Index/RowIter axioms
graph/src/graph/graphblas/mod.rs	GxB_Matrix_sort	14849	AXIOMATISED	bindgen extern decl (GraphBLAS C API); spec = GraphBLAS.h, used via GrbInfo/Index/RowIter axioms
graph/src/graph/graphblas/mod.rs	GxB_Matrix_reshape	14858	AXIOMATISED	bindgen extern decl (GraphBLAS C API); spec = GraphBLAS.h, used via GrbInfo/Index/RowIter axioms
graph/src/graph/graphblas/mod.rs	GxB_Matrix_reshapeDup	14867	AXIOMATISED	bindgen extern decl (GraphBLAS C API); spec = GraphBLAS.h, used via GrbInfo/Index/RowIter axioms
graph/src/graph/graphblas/mod.rs	GxB_Matrix_reshapeDup_arena	14877	AXIOMATISED	bindgen extern decl (GraphBLAS C API); spec = GraphBLAS.h, used via GrbInfo/Index/RowIter axioms
graph/src/graph/graphblas/mod.rs	GxB_Iterator_new	14900	AXIOMATISED	bindgen extern decl (GraphBLAS C API); spec = GraphBLAS.h, used via GrbInfo/Index/RowIter axioms
graph/src/graph/graphblas/mod.rs	GxB_Iterator_new_arena	14903	AXIOMATISED	bindgen extern decl (GraphBLAS C API); spec = GraphBLAS.h, used via GrbInfo/Index/RowIter axioms
graph/src/graph/graphblas/mod.rs	GB_Iterator_attach	14909	AXIOMATISED	bindgen extern decl (GraphBLAS C API); spec = GraphBLAS.h, used via GrbInfo/Index/RowIter axioms
graph/src/graph/graphblas/mod.rs	GB_Iterator_rc_seek	14917	AXIOMATISED	bindgen extern decl (GraphBLAS C API); spec = GraphBLAS.h, used via GrbInfo/Index/RowIter axioms
graph/src/graph/graphblas/mod.rs	GB_Iterator_rc_bitmap_next	14924	AXIOMATISED	bindgen extern decl (GraphBLAS C API); spec = GraphBLAS.h, used via GrbInfo/Index/RowIter axioms
graph/src/graph/graphblas/mod.rs	GxB_rowIterator_attach	14927	AXIOMATISED	bindgen extern decl (GraphBLAS C API); spec = GraphBLAS.h, used via GrbInfo/Index/RowIter axioms
graph/src/graph/graphblas/mod.rs	GxB_rowIterator_kount	14934	AXIOMATISED	bindgen extern decl (GraphBLAS C API); spec = GraphBLAS.h, used via GrbInfo/Index/RowIter axioms
graph/src/graph/graphblas/mod.rs	GxB_rowIterator_seekRow	14937	AXIOMATISED	bindgen extern decl (GraphBLAS C API); spec = GraphBLAS.h, used via GrbInfo/Index/RowIter axioms
graph/src/graph/graphblas/mod.rs	GxB_rowIterator_kseek	14943	AXIOMATISED	bindgen extern decl (GraphBLAS C API); spec = GraphBLAS.h, used via GrbInfo/Index/RowIter axioms
graph/src/graph/graphblas/mod.rs	GxB_rowIterator_nextRow	14949	AXIOMATISED	bindgen extern decl (GraphBLAS C API); spec = GraphBLAS.h, used via GrbInfo/Index/RowIter axioms
graph/src/graph/graphblas/mod.rs	GxB_rowIterator_nextCol	14952	AXIOMATISED	bindgen extern decl (GraphBLAS C API); spec = GraphBLAS.h, used via GrbInfo/Index/RowIter axioms
graph/src/graph/graphblas/mod.rs	GxB_rowIterator_getRowIndex	14955	AXIOMATISED	bindgen extern decl (GraphBLAS C API); spec = GraphBLAS.h, used via GrbInfo/Index/RowIter axioms
graph/src/graph/graphblas/mod.rs	GxB_rowIterator_getColIndex	14958	AXIOMATISED	bindgen extern decl (GraphBLAS C API); spec = GraphBLAS.h, used via GrbInfo/Index/RowIter axioms
graph/src/graph/graphblas/mod.rs	GxB_colIterator_attach	14961	AXIOMATISED	bindgen extern decl (GraphBLAS C API); spec = GraphBLAS.h, used via GrbInfo/Index/RowIter axioms
graph/src/graph/graphblas/mod.rs	GxB_colIterator_kount	14968	AXIOMATISED	bindgen extern decl (GraphBLAS C API); spec = GraphBLAS.h, used via GrbInfo/Index/RowIter axioms
graph/src/graph/graphblas/mod.rs	GxB_colIterator_seekCol	14971	AXIOMATISED	bindgen extern decl (GraphBLAS C API); spec = GraphBLAS.h, used via GrbInfo/Index/RowIter axioms
graph/src/graph/graphblas/mod.rs	GxB_colIterator_kseek	14977	AXIOMATISED	bindgen extern decl (GraphBLAS C API); spec = GraphBLAS.h, used via GrbInfo/Index/RowIter axioms
graph/src/graph/graphblas/mod.rs	GxB_colIterator_nextCol	14983	AXIOMATISED	bindgen extern decl (GraphBLAS C API); spec = GraphBLAS.h, used via GrbInfo/Index/RowIter axioms
graph/src/graph/graphblas/mod.rs	GxB_colIterator_nextRow	14986	AXIOMATISED	bindgen extern decl (GraphBLAS C API); spec = GraphBLAS.h, used via GrbInfo/Index/RowIter axioms
graph/src/graph/graphblas/mod.rs	GxB_colIterator_getColIndex	14989	AXIOMATISED	bindgen extern decl (GraphBLAS C API); spec = GraphBLAS.h, used via GrbInfo/Index/RowIter axioms
graph/src/graph/graphblas/mod.rs	GxB_colIterator_getRowIndex	14992	AXIOMATISED	bindgen extern decl (GraphBLAS C API); spec = GraphBLAS.h, used via GrbInfo/Index/RowIter axioms
graph/src/graph/graphblas/mod.rs	GxB_Matrix_Iterator_attach	14995	AXIOMATISED	bindgen extern decl (GraphBLAS C API); spec = GraphBLAS.h, used via GrbInfo/Index/RowIter axioms
graph/src/graph/graphblas/mod.rs	GxB_Matrix_Iterator_getpmax	15002	AXIOMATISED	bindgen extern decl (GraphBLAS C API); spec = GraphBLAS.h, used via GrbInfo/Index/RowIter axioms
graph/src/graph/graphblas/mod.rs	GxB_Matrix_Iterator_seek	15005	AXIOMATISED	bindgen extern decl (GraphBLAS C API); spec = GraphBLAS.h, used via GrbInfo/Index/RowIter axioms
graph/src/graph/graphblas/mod.rs	GxB_Matrix_Iterator_next	15011	AXIOMATISED	bindgen extern decl (GraphBLAS C API); spec = GraphBLAS.h, used via GrbInfo/Index/RowIter axioms
graph/src/graph/graphblas/mod.rs	GxB_Matrix_Iterator_getp	15014	AXIOMATISED	bindgen extern decl (GraphBLAS C API); spec = GraphBLAS.h, used via GrbInfo/Index/RowIter axioms
graph/src/graph/graphblas/mod.rs	GxB_Matrix_Iterator_getIndex	15017	AXIOMATISED	bindgen extern decl (GraphBLAS C API); spec = GraphBLAS.h, used via GrbInfo/Index/RowIter axioms
graph/src/graph/graphblas/mod.rs	GxB_Vector_Iterator_attach	15024	AXIOMATISED	bindgen extern decl (GraphBLAS C API); spec = GraphBLAS.h, used via GrbInfo/Index/RowIter axioms
graph/src/graph/graphblas/mod.rs	GxB_Vector_Iterator_getpmax	15031	AXIOMATISED	bindgen extern decl (GraphBLAS C API); spec = GraphBLAS.h, used via GrbInfo/Index/RowIter axioms
graph/src/graph/graphblas/mod.rs	GB_Vector_Iterator_bitmap_seek	15034	AXIOMATISED	bindgen extern decl (GraphBLAS C API); spec = GraphBLAS.h, used via GrbInfo/Index/RowIter axioms
graph/src/graph/graphblas/mod.rs	GxB_Vector_Iterator_seek	15037	AXIOMATISED	bindgen extern decl (GraphBLAS C API); spec = GraphBLAS.h, used via GrbInfo/Index/RowIter axioms
graph/src/graph/graphblas/mod.rs	GxB_Vector_Iterator_next	15043	AXIOMATISED	bindgen extern decl (GraphBLAS C API); spec = GraphBLAS.h, used via GrbInfo/Index/RowIter axioms
graph/src/graph/graphblas/mod.rs	GxB_Vector_Iterator_getp	15046	AXIOMATISED	bindgen extern decl (GraphBLAS C API); spec = GraphBLAS.h, used via GrbInfo/Index/RowIter axioms
graph/src/graph/graphblas/mod.rs	GxB_Vector_Iterator_getIndex	15049	AXIOMATISED	bindgen extern decl (GraphBLAS C API); spec = GraphBLAS.h, used via GrbInfo/Index/RowIter axioms
graph/src/graph/graphblas/mod.rs	GxB_Iterator_get_BOOL	15052	AXIOMATISED	bindgen extern decl (GraphBLAS C API); spec = GraphBLAS.h, used via GrbInfo/Index/RowIter axioms
graph/src/graph/graphblas/mod.rs	GxB_Iterator_get_INT8	15055	AXIOMATISED	bindgen extern decl (GraphBLAS C API); spec = GraphBLAS.h, used via GrbInfo/Index/RowIter axioms
graph/src/graph/graphblas/mod.rs	GxB_Iterator_get_INT16	15058	AXIOMATISED	bindgen extern decl (GraphBLAS C API); spec = GraphBLAS.h, used via GrbInfo/Index/RowIter axioms
graph/src/graph/graphblas/mod.rs	GxB_Iterator_get_INT32	15061	AXIOMATISED	bindgen extern decl (GraphBLAS C API); spec = GraphBLAS.h, used via GrbInfo/Index/RowIter axioms
graph/src/graph/graphblas/mod.rs	GxB_Iterator_get_INT64	15064	AXIOMATISED	bindgen extern decl (GraphBLAS C API); spec = GraphBLAS.h, used via GrbInfo/Index/RowIter axioms
graph/src/graph/graphblas/mod.rs	GxB_Iterator_get_UINT8	15067	AXIOMATISED	bindgen extern decl (GraphBLAS C API); spec = GraphBLAS.h, used via GrbInfo/Index/RowIter axioms
graph/src/graph/graphblas/mod.rs	GxB_Iterator_get_UINT16	15070	AXIOMATISED	bindgen extern decl (GraphBLAS C API); spec = GraphBLAS.h, used via GrbInfo/Index/RowIter axioms
graph/src/graph/graphblas/mod.rs	GxB_Iterator_get_UINT32	15073	AXIOMATISED	bindgen extern decl (GraphBLAS C API); spec = GraphBLAS.h, used via GrbInfo/Index/RowIter axioms
graph/src/graph/graphblas/mod.rs	GxB_Iterator_get_UINT64	15076	AXIOMATISED	bindgen extern decl (GraphBLAS C API); spec = GraphBLAS.h, used via GrbInfo/Index/RowIter axioms
graph/src/graph/graphblas/mod.rs	GxB_Iterator_get_FP32	15079	AXIOMATISED	bindgen extern decl (GraphBLAS C API); spec = GraphBLAS.h, used via GrbInfo/Index/RowIter axioms
graph/src/graph/graphblas/mod.rs	GxB_Iterator_get_FP64	15082	AXIOMATISED	bindgen extern decl (GraphBLAS C API); spec = GraphBLAS.h, used via GrbInfo/Index/RowIter axioms
graph/src/graph/graphblas/mod.rs	GxB_Iterator_get_FC32	15085	AXIOMATISED	bindgen extern decl (GraphBLAS C API); spec = GraphBLAS.h, used via GrbInfo/Index/RowIter axioms
graph/src/graph/graphblas/mod.rs	GxB_Iterator_get_FC64	15088	AXIOMATISED	bindgen extern decl (GraphBLAS C API); spec = GraphBLAS.h, used via GrbInfo/Index/RowIter axioms
graph/src/graph/graphblas/mod.rs	GxB_Iterator_get_UDT	15091	AXIOMATISED	bindgen extern decl (GraphBLAS C API); spec = GraphBLAS.h, used via GrbInfo/Index/RowIter axioms
graph/src/graph/graphblas/mod.rs	GrB_Type_free	15097	AXIOMATISED	bindgen extern decl (GraphBLAS C API); spec = GraphBLAS.h, used via GrbInfo/Index/RowIter axioms
graph/src/graph/graphblas/mod.rs	GrB_UnaryOp_free	15100	AXIOMATISED	bindgen extern decl (GraphBLAS C API); spec = GraphBLAS.h, used via GrbInfo/Index/RowIter axioms
graph/src/graph/graphblas/mod.rs	GrB_BinaryOp_free	15103	AXIOMATISED	bindgen extern decl (GraphBLAS C API); spec = GraphBLAS.h, used via GrbInfo/Index/RowIter axioms
graph/src/graph/graphblas/mod.rs	GrB_IndexUnaryOp_free	15106	AXIOMATISED	bindgen extern decl (GraphBLAS C API); spec = GraphBLAS.h, used via GrbInfo/Index/RowIter axioms
graph/src/graph/graphblas/mod.rs	GrB_Monoid_free	15109	AXIOMATISED	bindgen extern decl (GraphBLAS C API); spec = GraphBLAS.h, used via GrbInfo/Index/RowIter axioms
graph/src/graph/graphblas/mod.rs	GrB_Semiring_free	15112	AXIOMATISED	bindgen extern decl (GraphBLAS C API); spec = GraphBLAS.h, used via GrbInfo/Index/RowIter axioms
graph/src/graph/graphblas/mod.rs	GrB_Descriptor_free	15115	AXIOMATISED	bindgen extern decl (GraphBLAS C API); spec = GraphBLAS.h, used via GrbInfo/Index/RowIter axioms
graph/src/graph/graphblas/mod.rs	GrB_Scalar_free	15118	AXIOMATISED	bindgen extern decl (GraphBLAS C API); spec = GraphBLAS.h, used via GrbInfo/Index/RowIter axioms
graph/src/graph/graphblas/mod.rs	GrB_Vector_free	15121	AXIOMATISED	bindgen extern decl (GraphBLAS C API); spec = GraphBLAS.h, used via GrbInfo/Index/RowIter axioms
graph/src/graph/graphblas/mod.rs	GrB_Matrix_free	15124	AXIOMATISED	bindgen extern decl (GraphBLAS C API); spec = GraphBLAS.h, used via GrbInfo/Index/RowIter axioms
graph/src/graph/graphblas/mod.rs	GxB_IndexBinaryOp_free	15127	AXIOMATISED	bindgen extern decl (GraphBLAS C API); spec = GraphBLAS.h, used via GrbInfo/Index/RowIter axioms
graph/src/graph/graphblas/mod.rs	GxB_Context_free	15130	AXIOMATISED	bindgen extern decl (GraphBLAS C API); spec = GraphBLAS.h, used via GrbInfo/Index/RowIter axioms
graph/src/graph/graphblas/mod.rs	GxB_Container_free	15133	AXIOMATISED	bindgen extern decl (GraphBLAS C API); spec = GraphBLAS.h, used via GrbInfo/Index/RowIter axioms
graph/src/graph/graphblas/mod.rs	GxB_Iterator_free	15136	AXIOMATISED	bindgen extern decl (GraphBLAS C API); spec = GraphBLAS.h, used via GrbInfo/Index/RowIter axioms
graph/src/graph/graphblas/mod.rs	GxB_atfork_prepare	15139	AXIOMATISED	bindgen extern decl (GraphBLAS C API); spec = GraphBLAS.h, used via GrbInfo/Index/RowIter axioms
graph/src/graph/graphblas/mod.rs	GxB_atfork_parent	15142	AXIOMATISED	bindgen extern decl (GraphBLAS C API); spec = GraphBLAS.h, used via GrbInfo/Index/RowIter axioms
graph/src/graph/graphblas/mod.rs	GxB_atfork_child	15145	AXIOMATISED	bindgen extern decl (GraphBLAS C API); spec = GraphBLAS.h, used via GrbInfo/Index/RowIter axioms
graph/src/graph/graphblas/mod.rs	GrB_getVersion	15149	AXIOMATISED	bindgen extern decl (GraphBLAS C API); spec = GraphBLAS.h, used via GrbInfo/Index/RowIter axioms
graph/src/graph/graphblas/mod.rs	GxB_Matrix_iso	15155	AXIOMATISED	bindgen extern decl (GraphBLAS C API); spec = GraphBLAS.h, used via GrbInfo/Index/RowIter axioms
graph/src/graph/graphblas/mod.rs	GxB_Vector_iso	15161	AXIOMATISED	bindgen extern decl (GraphBLAS C API); spec = GraphBLAS.h, used via GrbInfo/Index/RowIter axioms
graph/src/graph/graphblas/mod.rs	GrB_Descriptor_set	15167	AXIOMATISED	bindgen extern decl (GraphBLAS C API); spec = GraphBLAS.h, used via GrbInfo/Index/RowIter axioms
graph/src/graph/graphblas/mod.rs	GxB_Descriptor_get	15174	AXIOMATISED	bindgen extern decl (GraphBLAS C API); spec = GraphBLAS.h, used via GrbInfo/Index/RowIter axioms
graph/src/graph/graphblas/mod.rs	GxB_Desc_set	15181	AXIOMATISED	bindgen extern decl (GraphBLAS C API); spec = GraphBLAS.h, used via GrbInfo/Index/RowIter axioms
graph/src/graph/graphblas/mod.rs	GxB_Desc_set_INT32	15188	AXIOMATISED	bindgen extern decl (GraphBLAS C API); spec = GraphBLAS.h, used via GrbInfo/Index/RowIter axioms
graph/src/graph/graphblas/mod.rs	GxB_Desc_set_FP64	15195	AXIOMATISED	bindgen extern decl (GraphBLAS C API); spec = GraphBLAS.h, used via GrbInfo/Index/RowIter axioms
graph/src/graph/graphblas/mod.rs	GxB_Desc_get	15202	AXIOMATISED	bindgen extern decl (GraphBLAS C API); spec = GraphBLAS.h, used via GrbInfo/Index/RowIter axioms
graph/src/graph/graphblas/mod.rs	GxB_Desc_get_INT32	15209	AXIOMATISED	bindgen extern decl (GraphBLAS C API); spec = GraphBLAS.h, used via GrbInfo/Index/RowIter axioms
graph/src/graph/graphblas/mod.rs	GxB_Desc_get_FP64	15216	AXIOMATISED	bindgen extern decl (GraphBLAS C API); spec = GraphBLAS.h, used via GrbInfo/Index/RowIter axioms
graph/src/graph/graphblas/mod.rs	GxB_Type_name	15223	AXIOMATISED	bindgen extern decl (GraphBLAS C API); spec = GraphBLAS.h, used via GrbInfo/Index/RowIter axioms
graph/src/graph/graphblas/mod.rs	GxB_Type_size	15229	AXIOMATISED	bindgen extern decl (GraphBLAS C API); spec = GraphBLAS.h, used via GrbInfo/Index/RowIter axioms
graph/src/graph/graphblas/mod.rs	GxB_UnaryOp_ztype	15235	AXIOMATISED	bindgen extern decl (GraphBLAS C API); spec = GraphBLAS.h, used via GrbInfo/Index/RowIter axioms
graph/src/graph/graphblas/mod.rs	GxB_UnaryOp_ztype_name	15241	AXIOMATISED	bindgen extern decl (GraphBLAS C API); spec = GraphBLAS.h, used via GrbInfo/Index/RowIter axioms
graph/src/graph/graphblas/mod.rs	GxB_UnaryOp_xtype	15247	AXIOMATISED	bindgen extern decl (GraphBLAS C API); spec = GraphBLAS.h, used via GrbInfo/Index/RowIter axioms
graph/src/graph/graphblas/mod.rs	GxB_UnaryOp_xtype_name	15253	AXIOMATISED	bindgen extern decl (GraphBLAS C API); spec = GraphBLAS.h, used via GrbInfo/Index/RowIter axioms
graph/src/graph/graphblas/mod.rs	GxB_BinaryOp_ztype	15259	AXIOMATISED	bindgen extern decl (GraphBLAS C API); spec = GraphBLAS.h, used via GrbInfo/Index/RowIter axioms
graph/src/graph/graphblas/mod.rs	GxB_BinaryOp_ztype_name	15265	AXIOMATISED	bindgen extern decl (GraphBLAS C API); spec = GraphBLAS.h, used via GrbInfo/Index/RowIter axioms
graph/src/graph/graphblas/mod.rs	GxB_BinaryOp_xtype	15271	AXIOMATISED	bindgen extern decl (GraphBLAS C API); spec = GraphBLAS.h, used via GrbInfo/Index/RowIter axioms
graph/src/graph/graphblas/mod.rs	GxB_BinaryOp_xtype_name	15277	AXIOMATISED	bindgen extern decl (GraphBLAS C API); spec = GraphBLAS.h, used via GrbInfo/Index/RowIter axioms
graph/src/graph/graphblas/mod.rs	GxB_BinaryOp_ytype	15283	AXIOMATISED	bindgen extern decl (GraphBLAS C API); spec = GraphBLAS.h, used via GrbInfo/Index/RowIter axioms
graph/src/graph/graphblas/mod.rs	GxB_BinaryOp_ytype_name	15289	AXIOMATISED	bindgen extern decl (GraphBLAS C API); spec = GraphBLAS.h, used via GrbInfo/Index/RowIter axioms
graph/src/graph/graphblas/mod.rs	GxB_IndexUnaryOp_ztype_name	15295	AXIOMATISED	bindgen extern decl (GraphBLAS C API); spec = GraphBLAS.h, used via GrbInfo/Index/RowIter axioms
graph/src/graph/graphblas/mod.rs	GxB_IndexUnaryOp_xtype_name	15301	AXIOMATISED	bindgen extern decl (GraphBLAS C API); spec = GraphBLAS.h, used via GrbInfo/Index/RowIter axioms
graph/src/graph/graphblas/mod.rs	GxB_IndexUnaryOp_ytype_name	15307	AXIOMATISED	bindgen extern decl (GraphBLAS C API); spec = GraphBLAS.h, used via GrbInfo/Index/RowIter axioms
graph/src/graph/graphblas/mod.rs	GxB_Monoid_operator	15313	AXIOMATISED	bindgen extern decl (GraphBLAS C API); spec = GraphBLAS.h, used via GrbInfo/Index/RowIter axioms
graph/src/graph/graphblas/mod.rs	GxB_Monoid_identity	15319	AXIOMATISED	bindgen extern decl (GraphBLAS C API); spec = GraphBLAS.h, used via GrbInfo/Index/RowIter axioms
graph/src/graph/graphblas/mod.rs	GxB_Monoid_terminal	15325	AXIOMATISED	bindgen extern decl (GraphBLAS C API); spec = GraphBLAS.h, used via GrbInfo/Index/RowIter axioms
graph/src/graph/graphblas/mod.rs	GxB_Semiring_add	15332	AXIOMATISED	bindgen extern decl (GraphBLAS C API); spec = GraphBLAS.h, used via GrbInfo/Index/RowIter axioms
graph/src/graph/graphblas/mod.rs	GxB_Semiring_multiply	15338	AXIOMATISED	bindgen extern decl (GraphBLAS C API); spec = GraphBLAS.h, used via GrbInfo/Index/RowIter axioms
graph/src/graph/graphblas/mod.rs	GxB_Scalar_type_name	15344	AXIOMATISED	bindgen extern decl (GraphBLAS C API); spec = GraphBLAS.h, used via GrbInfo/Index/RowIter axioms
graph/src/graph/graphblas/mod.rs	GxB_Scalar_new	15350	AXIOMATISED	bindgen extern decl (GraphBLAS C API); spec = GraphBLAS.h, used via GrbInfo/Index/RowIter axioms
graph/src/graph/graphblas/mod.rs	GxB_Scalar_dup	15356	AXIOMATISED	bindgen extern decl (GraphBLAS C API); spec = GraphBLAS.h, used via GrbInfo/Index/RowIter axioms
graph/src/graph/graphblas/mod.rs	GxB_Scalar_clear	15362	AXIOMATISED	bindgen extern decl (GraphBLAS C API); spec = GraphBLAS.h, used via GrbInfo/Index/RowIter axioms
graph/src/graph/graphblas/mod.rs	GxB_Scalar_nvals	15365	AXIOMATISED	bindgen extern decl (GraphBLAS C API); spec = GraphBLAS.h, used via GrbInfo/Index/RowIter axioms
graph/src/graph/graphblas/mod.rs	GxB_Scalar_free	15371	AXIOMATISED	bindgen extern decl (GraphBLAS C API); spec = GraphBLAS.h, used via GrbInfo/Index/RowIter axioms
graph/src/graph/graphblas/mod.rs	GxB_Scalar_setElement_BOOL	15374	AXIOMATISED	bindgen extern decl (GraphBLAS C API); spec = GraphBLAS.h, used via GrbInfo/Index/RowIter axioms
graph/src/graph/graphblas/mod.rs	GxB_Scalar_setElement_INT8	15380	AXIOMATISED	bindgen extern decl (GraphBLAS C API); spec = GraphBLAS.h, used via GrbInfo/Index/RowIter axioms
graph/src/graph/graphblas/mod.rs	GxB_Scalar_setElement_INT16	15386	AXIOMATISED	bindgen extern decl (GraphBLAS C API); spec = GraphBLAS.h, used via GrbInfo/Index/RowIter axioms
graph/src/graph/graphblas/mod.rs	GxB_Scalar_setElement_INT32	15392	AXIOMATISED	bindgen extern decl (GraphBLAS C API); spec = GraphBLAS.h, used via GrbInfo/Index/RowIter axioms
graph/src/graph/graphblas/mod.rs	GxB_Scalar_setElement_INT64	15398	AXIOMATISED	bindgen extern decl (GraphBLAS C API); spec = GraphBLAS.h, used via GrbInfo/Index/RowIter axioms
graph/src/graph/graphblas/mod.rs	GxB_Scalar_setElement_UINT8	15404	AXIOMATISED	bindgen extern decl (GraphBLAS C API); spec = GraphBLAS.h, used via GrbInfo/Index/RowIter axioms
graph/src/graph/graphblas/mod.rs	GxB_Scalar_setElement_UINT16	15410	AXIOMATISED	bindgen extern decl (GraphBLAS C API); spec = GraphBLAS.h, used via GrbInfo/Index/RowIter axioms
graph/src/graph/graphblas/mod.rs	GxB_Scalar_setElement_UINT32	15416	AXIOMATISED	bindgen extern decl (GraphBLAS C API); spec = GraphBLAS.h, used via GrbInfo/Index/RowIter axioms
graph/src/graph/graphblas/mod.rs	GxB_Scalar_setElement_UINT64	15422	AXIOMATISED	bindgen extern decl (GraphBLAS C API); spec = GraphBLAS.h, used via GrbInfo/Index/RowIter axioms
graph/src/graph/graphblas/mod.rs	GxB_Scalar_setElement_FP32	15428	AXIOMATISED	bindgen extern decl (GraphBLAS C API); spec = GraphBLAS.h, used via GrbInfo/Index/RowIter axioms
graph/src/graph/graphblas/mod.rs	GxB_Scalar_setElement_FP64	15434	AXIOMATISED	bindgen extern decl (GraphBLAS C API); spec = GraphBLAS.h, used via GrbInfo/Index/RowIter axioms
graph/src/graph/graphblas/mod.rs	GxB_Scalar_setElement_UDT	15440	AXIOMATISED	bindgen extern decl (GraphBLAS C API); spec = GraphBLAS.h, used via GrbInfo/Index/RowIter axioms
graph/src/graph/graphblas/mod.rs	GxB_Scalar_extractElement_BOOL	15446	AXIOMATISED	bindgen extern decl (GraphBLAS C API); spec = GraphBLAS.h, used via GrbInfo/Index/RowIter axioms
graph/src/graph/graphblas/mod.rs	GxB_Scalar_extractElement_INT8	15452	AXIOMATISED	bindgen extern decl (GraphBLAS C API); spec = GraphBLAS.h, used via GrbInfo/Index/RowIter axioms
graph/src/graph/graphblas/mod.rs	GxB_Scalar_extractElement_INT16	15458	AXIOMATISED	bindgen extern decl (GraphBLAS C API); spec = GraphBLAS.h, used via GrbInfo/Index/RowIter axioms
graph/src/graph/graphblas/mod.rs	GxB_Scalar_extractElement_INT32	15464	AXIOMATISED	bindgen extern decl (GraphBLAS C API); spec = GraphBLAS.h, used via GrbInfo/Index/RowIter axioms
graph/src/graph/graphblas/mod.rs	GxB_Scalar_extractElement_INT64	15470	AXIOMATISED	bindgen extern decl (GraphBLAS C API); spec = GraphBLAS.h, used via GrbInfo/Index/RowIter axioms
graph/src/graph/graphblas/mod.rs	GxB_Scalar_extractElement_UINT8	15476	AXIOMATISED	bindgen extern decl (GraphBLAS C API); spec = GraphBLAS.h, used via GrbInfo/Index/RowIter axioms
graph/src/graph/graphblas/mod.rs	GxB_Scalar_extractElement_UINT16	15482	AXIOMATISED	bindgen extern decl (GraphBLAS C API); spec = GraphBLAS.h, used via GrbInfo/Index/RowIter axioms
graph/src/graph/graphblas/mod.rs	GxB_Scalar_extractElement_UINT32	15488	AXIOMATISED	bindgen extern decl (GraphBLAS C API); spec = GraphBLAS.h, used via GrbInfo/Index/RowIter axioms
graph/src/graph/graphblas/mod.rs	GxB_Scalar_extractElement_UINT64	15494	AXIOMATISED	bindgen extern decl (GraphBLAS C API); spec = GraphBLAS.h, used via GrbInfo/Index/RowIter axioms
graph/src/graph/graphblas/mod.rs	GxB_Scalar_extractElement_FP32	15500	AXIOMATISED	bindgen extern decl (GraphBLAS C API); spec = GraphBLAS.h, used via GrbInfo/Index/RowIter axioms
graph/src/graph/graphblas/mod.rs	GxB_Scalar_extractElement_FP64	15506	AXIOMATISED	bindgen extern decl (GraphBLAS C API); spec = GraphBLAS.h, used via GrbInfo/Index/RowIter axioms
graph/src/graph/graphblas/mod.rs	GxB_Scalar_extractElement_UDT	15512	AXIOMATISED	bindgen extern decl (GraphBLAS C API); spec = GraphBLAS.h, used via GrbInfo/Index/RowIter axioms
graph/src/graph/graphblas/mod.rs	GxB_Scalar_wait	15518	AXIOMATISED	bindgen extern decl (GraphBLAS C API); spec = GraphBLAS.h, used via GrbInfo/Index/RowIter axioms
graph/src/graph/graphblas/mod.rs	GxB_Scalar_error	15521	AXIOMATISED	bindgen extern decl (GraphBLAS C API); spec = GraphBLAS.h, used via GrbInfo/Index/RowIter axioms
graph/src/graph/graphblas/mod.rs	GxB_Vector_type_name	15527	AXIOMATISED	bindgen extern decl (GraphBLAS C API); spec = GraphBLAS.h, used via GrbInfo/Index/RowIter axioms
graph/src/graph/graphblas/mod.rs	GxB_Matrix_type_name	15533	AXIOMATISED	bindgen extern decl (GraphBLAS C API); spec = GraphBLAS.h, used via GrbInfo/Index/RowIter axioms
graph/src/graph/graphblas/mod.rs	GxB_Matrix_Option_set	15539	AXIOMATISED	bindgen extern decl (GraphBLAS C API); spec = GraphBLAS.h, used via GrbInfo/Index/RowIter axioms
graph/src/graph/graphblas/mod.rs	GxB_Matrix_Option_set_INT32	15546	AXIOMATISED	bindgen extern decl (GraphBLAS C API); spec = GraphBLAS.h, used via GrbInfo/Index/RowIter axioms
graph/src/graph/graphblas/mod.rs	GxB_Matrix_Option_set_FP64	15553	AXIOMATISED	bindgen extern decl (GraphBLAS C API); spec = GraphBLAS.h, used via GrbInfo/Index/RowIter axioms
graph/src/graph/graphblas/mod.rs	GxB_Matrix_Option_get	15560	AXIOMATISED	bindgen extern decl (GraphBLAS C API); spec = GraphBLAS.h, used via GrbInfo/Index/RowIter axioms
graph/src/graph/graphblas/mod.rs	GxB_Matrix_Option_get_INT32	15567	AXIOMATISED	bindgen extern decl (GraphBLAS C API); spec = GraphBLAS.h, used via GrbInfo/Index/RowIter axioms
graph/src/graph/graphblas/mod.rs	GxB_Matrix_Option_get_FP64	15574	AXIOMATISED	bindgen extern decl (GraphBLAS C API); spec = GraphBLAS.h, used via GrbInfo/Index/RowIter axioms
graph/src/graph/graphblas/mod.rs	GxB_Vector_Option_set	15581	AXIOMATISED	bindgen extern decl (GraphBLAS C API); spec = GraphBLAS.h, used via GrbInfo/Index/RowIter axioms
graph/src/graph/graphblas/mod.rs	GxB_Vector_Option_set_INT32	15588	AXIOMATISED	bindgen extern decl (GraphBLAS C API); spec = GraphBLAS.h, used via GrbInfo/Index/RowIter axioms
graph/src/graph/graphblas/mod.rs	GxB_Vector_Option_set_FP64	15595	AXIOMATISED	bindgen extern decl (GraphBLAS C API); spec = GraphBLAS.h, used via GrbInfo/Index/RowIter axioms
graph/src/graph/graphblas/mod.rs	GxB_Vector_Option_get	15602	AXIOMATISED	bindgen extern decl (GraphBLAS C API); spec = GraphBLAS.h, used via GrbInfo/Index/RowIter axioms
graph/src/graph/graphblas/mod.rs	GxB_Vector_Option_get_INT32	15609	AXIOMATISED	bindgen extern decl (GraphBLAS C API); spec = GraphBLAS.h, used via GrbInfo/Index/RowIter axioms
graph/src/graph/graphblas/mod.rs	GxB_Vector_Option_get_FP64	15616	AXIOMATISED	bindgen extern decl (GraphBLAS C API); spec = GraphBLAS.h, used via GrbInfo/Index/RowIter axioms
graph/src/graph/graphblas/mod.rs	GxB_Global_Option_set	15623	AXIOMATISED	bindgen extern decl (GraphBLAS C API); spec = GraphBLAS.h, used via GrbInfo/Index/RowIter axioms
graph/src/graph/graphblas/mod.rs	GxB_Global_Option_set_INT32	15629	AXIOMATISED	bindgen extern decl (GraphBLAS C API); spec = GraphBLAS.h, used via GrbInfo/Index/RowIter axioms
graph/src/graph/graphblas/mod.rs	GxB_Global_Option_set_FP64	15635	AXIOMATISED	bindgen extern decl (GraphBLAS C API); spec = GraphBLAS.h, used via GrbInfo/Index/RowIter axioms
graph/src/graph/graphblas/mod.rs	GxB_Global_Option_set_FP64_ARRAY	15641	AXIOMATISED	bindgen extern decl (GraphBLAS C API); spec = GraphBLAS.h, used via GrbInfo/Index/RowIter axioms
graph/src/graph/graphblas/mod.rs	GxB_Global_Option_set_INT64_ARRAY	15647	AXIOMATISED	bindgen extern decl (GraphBLAS C API); spec = GraphBLAS.h, used via GrbInfo/Index/RowIter axioms
graph/src/graph/graphblas/mod.rs	GxB_Global_Option_set_CHAR	15653	AXIOMATISED	bindgen extern decl (GraphBLAS C API); spec = GraphBLAS.h, used via GrbInfo/Index/RowIter axioms
graph/src/graph/graphblas/mod.rs	GxB_Global_Option_set_FUNCTION	15659	AXIOMATISED	bindgen extern decl (GraphBLAS C API); spec = GraphBLAS.h, used via GrbInfo/Index/RowIter axioms
graph/src/graph/graphblas/mod.rs	GxB_Global_Option_get	15665	AXIOMATISED	bindgen extern decl (GraphBLAS C API); spec = GraphBLAS.h, used via GrbInfo/Index/RowIter axioms
graph/src/graph/graphblas/mod.rs	GxB_Global_Option_get_INT32	15671	AXIOMATISED	bindgen extern decl (GraphBLAS C API); spec = GraphBLAS.h, used via GrbInfo/Index/RowIter axioms
graph/src/graph/graphblas/mod.rs	GxB_Global_Option_get_FP64	15677	AXIOMATISED	bindgen extern decl (GraphBLAS C API); spec = GraphBLAS.h, used via GrbInfo/Index/RowIter axioms
graph/src/graph/graphblas/mod.rs	GxB_Global_Option_get_INT64	15683	AXIOMATISED	bindgen extern decl (GraphBLAS C API); spec = GraphBLAS.h, used via GrbInfo/Index/RowIter axioms
graph/src/graph/graphblas/mod.rs	GxB_Global_Option_get_CHAR	15689	AXIOMATISED	bindgen extern decl (GraphBLAS C API); spec = GraphBLAS.h, used via GrbInfo/Index/RowIter axioms
graph/src/graph/graphblas/mod.rs	GxB_Global_Option_get_FUNCTION	15695	AXIOMATISED	bindgen extern decl (GraphBLAS C API); spec = GraphBLAS.h, used via GrbInfo/Index/RowIter axioms
graph/src/graph/graphblas/mod.rs	GxB_Context_set_INT32	15701	AXIOMATISED	bindgen extern decl (GraphBLAS C API); spec = GraphBLAS.h, used via GrbInfo/Index/RowIter axioms
graph/src/graph/graphblas/mod.rs	GxB_Context_set_FP64	15708	AXIOMATISED	bindgen extern decl (GraphBLAS C API); spec = GraphBLAS.h, used via GrbInfo/Index/RowIter axioms
graph/src/graph/graphblas/mod.rs	GxB_Context_set	15715	AXIOMATISED	bindgen extern decl (GraphBLAS C API); spec = GraphBLAS.h, used via GrbInfo/Index/RowIter axioms
graph/src/graph/graphblas/mod.rs	GxB_Context_get_INT32	15722	AXIOMATISED	bindgen extern decl (GraphBLAS C API); spec = GraphBLAS.h, used via GrbInfo/Index/RowIter axioms
graph/src/graph/graphblas/mod.rs	GxB_Context_get_FP64	15729	AXIOMATISED	bindgen extern decl (GraphBLAS C API); spec = GraphBLAS.h, used via GrbInfo/Index/RowIter axioms
graph/src/graph/graphblas/mod.rs	GxB_Context_get	15736	AXIOMATISED	bindgen extern decl (GraphBLAS C API); spec = GraphBLAS.h, used via GrbInfo/Index/RowIter axioms
graph/src/graph/graphblas/mod.rs	GxB_Vector_apply_BinaryOp1st	15743	AXIOMATISED	bindgen extern decl (GraphBLAS C API); spec = GraphBLAS.h, used via GrbInfo/Index/RowIter axioms
graph/src/graph/graphblas/mod.rs	GxB_Vector_apply_BinaryOp2nd	15754	AXIOMATISED	bindgen extern decl (GraphBLAS C API); spec = GraphBLAS.h, used via GrbInfo/Index/RowIter axioms
graph/src/graph/graphblas/mod.rs	GxB_Matrix_apply_BinaryOp1st	15765	AXIOMATISED	bindgen extern decl (GraphBLAS C API); spec = GraphBLAS.h, used via GrbInfo/Index/RowIter axioms
graph/src/graph/graphblas/mod.rs	GxB_Matrix_apply_BinaryOp2nd	15776	AXIOMATISED	bindgen extern decl (GraphBLAS C API); spec = GraphBLAS.h, used via GrbInfo/Index/RowIter axioms
graph/src/graph/graphblas/mod.rs	GxB_kron	15787	AXIOMATISED	bindgen extern decl (GraphBLAS C API); spec = GraphBLAS.h, used via GrbInfo/Index/RowIter axioms
graph/src/graph/graphblas/mod.rs	GxB_Matrix_resize	15798	AXIOMATISED	bindgen extern decl (GraphBLAS C API); spec = GraphBLAS.h, used via GrbInfo/Index/RowIter axioms
graph/src/graph/graphblas/mod.rs	GxB_Vector_resize	15805	AXIOMATISED	bindgen extern decl (GraphBLAS C API); spec = GraphBLAS.h, used via GrbInfo/Index/RowIter axioms
graph/src/graph/graphblas/mod.rs	GxB_Matrix_import_CSR	15811	AXIOMATISED	bindgen extern decl (GraphBLAS C API); spec = GraphBLAS.h, used via GrbInfo/Index/RowIter axioms
graph/src/graph/graphblas/mod.rs	GxB_Matrix_import_BitmapR	15828	AXIOMATISED	bindgen extern decl (GraphBLAS C API); spec = GraphBLAS.h, used via GrbInfo/Index/RowIter axioms
graph/src/graph/graphblas/mod.rs	GxB_Matrix_import_CSC	15843	AXIOMATISED	bindgen extern decl (GraphBLAS C API); spec = GraphBLAS.h, used via GrbInfo/Index/RowIter axioms
graph/src/graph/graphblas/mod.rs	GxB_Matrix_import_HyperCSR	15860	AXIOMATISED	bindgen extern decl (GraphBLAS C API); spec = GraphBLAS.h, used via GrbInfo/Index/RowIter axioms
graph/src/graph/graphblas/mod.rs	GxB_Matrix_import_HyperCSC	15880	AXIOMATISED	bindgen extern decl (GraphBLAS C API); spec = GraphBLAS.h, used via GrbInfo/Index/RowIter axioms
graph/src/graph/graphblas/mod.rs	GxB_Matrix_import_BitmapC	15900	AXIOMATISED	bindgen extern decl (GraphBLAS C API); spec = GraphBLAS.h, used via GrbInfo/Index/RowIter axioms
graph/src/graph/graphblas/mod.rs	GxB_Matrix_import_FullR	15915	AXIOMATISED	bindgen extern decl (GraphBLAS C API); spec = GraphBLAS.h, used via GrbInfo/Index/RowIter axioms
graph/src/graph/graphblas/mod.rs	GxB_Matrix_import_FullC	15927	AXIOMATISED	bindgen extern decl (GraphBLAS C API); spec = GraphBLAS.h, used via GrbInfo/Index/RowIter axioms
graph/src/graph/graphblas/mod.rs	GxB_Vector_import_CSC	15939	AXIOMATISED	bindgen extern decl (GraphBLAS C API); spec = GraphBLAS.h, used via GrbInfo/Index/RowIter axioms
graph/src/graph/graphblas/mod.rs	GxB_Vector_import_Bitmap	15954	AXIOMATISED	bindgen extern decl (GraphBLAS C API); spec = GraphBLAS.h, used via GrbInfo/Index/RowIter axioms
graph/src/graph/graphblas/mod.rs	GxB_Vector_import_Full	15968	AXIOMATISED	bindgen extern decl (GraphBLAS C API); spec = GraphBLAS.h, used via GrbInfo/Index/RowIter axioms
graph/src/graph/graphblas/mod.rs	GxB_Matrix_export_CSR	15979	AXIOMATISED	bindgen extern decl (GraphBLAS C API); spec = GraphBLAS.h, used via GrbInfo/Index/RowIter axioms
graph/src/graph/graphblas/mod.rs	GxB_Matrix_export_CSC	15996	AXIOMATISED	bindgen extern decl (GraphBLAS C API); spec = GraphBLAS.h, used via GrbInfo/Index/RowIter axioms
graph/src/graph/graphblas/mod.rs	GxB_Matrix_export_HyperCSR	16013	AXIOMATISED	bindgen extern decl (GraphBLAS C API); spec = GraphBLAS.h, used via GrbInfo/Index/RowIter axioms
graph/src/graph/graphblas/mod.rs	GxB_Matrix_export_HyperCSC	16033	AXIOMATISED	bindgen extern decl (GraphBLAS C API); spec = GraphBLAS.h, used via GrbInfo/Index/RowIter axioms
graph/src/graph/graphblas/mod.rs	GxB_Matrix_export_BitmapR	16053	AXIOMATISED	bindgen extern decl (GraphBLAS C API); spec = GraphBLAS.h, used via GrbInfo/Index/RowIter axioms
graph/src/graph/graphblas/mod.rs	GxB_Matrix_export_BitmapC	16068	AXIOMATISED	bindgen extern decl (GraphBLAS C API); spec = GraphBLAS.h, used via GrbInfo/Index/RowIter axioms
graph/src/graph/graphblas/mod.rs	GxB_Matrix_export_FullR	16083	AXIOMATISED	bindgen extern decl (GraphBLAS C API); spec = GraphBLAS.h, used via GrbInfo/Index/RowIter axioms
graph/src/graph/graphblas/mod.rs	GxB_Matrix_export_FullC	16095	AXIOMATISED	bindgen extern decl (GraphBLAS C API); spec = GraphBLAS.h, used via GrbInfo/Index/RowIter axioms
graph/src/graph/graphblas/mod.rs	GxB_Vector_export_CSC	16107	AXIOMATISED	bindgen extern decl (GraphBLAS C API); spec = GraphBLAS.h, used via GrbInfo/Index/RowIter axioms
graph/src/graph/graphblas/mod.rs	GxB_Vector_export_Bitmap	16122	AXIOMATISED	bindgen extern decl (GraphBLAS C API); spec = GraphBLAS.h, used via GrbInfo/Index/RowIter axioms
graph/src/graph/graphblas/mod.rs	GxB_Vector_export_Full	16136	AXIOMATISED	bindgen extern decl (GraphBLAS C API); spec = GraphBLAS.h, used via GrbInfo/Index/RowIter axioms
graph/src/graph/graphblas/mod.rs	GxB_SelectOp_xtype	16147	AXIOMATISED	bindgen extern decl (GraphBLAS C API); spec = GraphBLAS.h, used via GrbInfo/Index/RowIter axioms
graph/src/graph/graphblas/mod.rs	GxB_SelectOp_ttype	16153	AXIOMATISED	bindgen extern decl (GraphBLAS C API); spec = GraphBLAS.h, used via GrbInfo/Index/RowIter axioms
graph/src/graph/graphblas/mod.rs	GxB_SelectOp_fprint	16159	AXIOMATISED	bindgen extern decl (GraphBLAS C API); spec = GraphBLAS.h, used via GrbInfo/Index/RowIter axioms
graph/src/graph/graphblas/mod.rs	GxB_Vector_select	16167	AXIOMATISED	bindgen extern decl (GraphBLAS C API); spec = GraphBLAS.h, used via GrbInfo/Index/RowIter axioms
graph/src/graph/graphblas/mod.rs	GxB_Matrix_select	16178	AXIOMATISED	bindgen extern decl (GraphBLAS C API); spec = GraphBLAS.h, used via GrbInfo/Index/RowIter axioms
graph/src/graph/graphblas/mod.rs	GxB_deserialize_type_name	16189	AXIOMATISED	bindgen extern decl (GraphBLAS C API); spec = GraphBLAS.h, used via GrbInfo/Index/RowIter axioms
graph/src/graph/graphblas/mod.rs	GxB_Matrix_pack_CSR	16784	AXIOMATISED	bindgen extern decl (GraphBLAS C API); spec = GraphBLAS.h, used via GrbInfo/Index/RowIter axioms
graph/src/graph/graphblas/mod.rs	GxB_Matrix_pack_CSC	16798	AXIOMATISED	bindgen extern decl (GraphBLAS C API); spec = GraphBLAS.h, used via GrbInfo/Index/RowIter axioms
graph/src/graph/graphblas/mod.rs	GxB_Matrix_pack_HyperCSR	16812	AXIOMATISED	bindgen extern decl (GraphBLAS C API); spec = GraphBLAS.h, used via GrbInfo/Index/RowIter axioms
graph/src/graph/graphblas/mod.rs	GxB_Matrix_pack_HyperCSC	16829	AXIOMATISED	bindgen extern decl (GraphBLAS C API); spec = GraphBLAS.h, used via GrbInfo/Index/RowIter axioms
graph/src/graph/graphblas/mod.rs	GxB_Matrix_pack_BitmapR	16846	AXIOMATISED	bindgen extern decl (GraphBLAS C API); spec = GraphBLAS.h, used via GrbInfo/Index/RowIter axioms
graph/src/graph/graphblas/mod.rs	GxB_Matrix_pack_BitmapC	16858	AXIOMATISED	bindgen extern decl (GraphBLAS C API); spec = GraphBLAS.h, used via GrbInfo/Index/RowIter axioms
graph/src/graph/graphblas/mod.rs	GxB_Matrix_pack_FullR	16870	AXIOMATISED	bindgen extern decl (GraphBLAS C API); spec = GraphBLAS.h, used via GrbInfo/Index/RowIter axioms
graph/src/graph/graphblas/mod.rs	GxB_Matrix_pack_FullC	16879	AXIOMATISED	bindgen extern decl (GraphBLAS C API); spec = GraphBLAS.h, used via GrbInfo/Index/RowIter axioms
graph/src/graph/graphblas/mod.rs	GxB_Vector_pack_CSC	16888	AXIOMATISED	bindgen extern decl (GraphBLAS C API); spec = GraphBLAS.h, used via GrbInfo/Index/RowIter axioms
graph/src/graph/graphblas/mod.rs	GxB_Vector_pack_Bitmap	16901	AXIOMATISED	bindgen extern decl (GraphBLAS C API); spec = GraphBLAS.h, used via GrbInfo/Index/RowIter axioms
graph/src/graph/graphblas/mod.rs	GxB_Vector_pack_Full	16913	AXIOMATISED	bindgen extern decl (GraphBLAS C API); spec = GraphBLAS.h, used via GrbInfo/Index/RowIter axioms
graph/src/graph/graphblas/mod.rs	GxB_Matrix_unpack_CSR	16922	AXIOMATISED	bindgen extern decl (GraphBLAS C API); spec = GraphBLAS.h, used via GrbInfo/Index/RowIter axioms
graph/src/graph/graphblas/mod.rs	GxB_Matrix_unpack_CSC	16936	AXIOMATISED	bindgen extern decl (GraphBLAS C API); spec = GraphBLAS.h, used via GrbInfo/Index/RowIter axioms
graph/src/graph/graphblas/mod.rs	GxB_Matrix_unpack_HyperCSR	16950	AXIOMATISED	bindgen extern decl (GraphBLAS C API); spec = GraphBLAS.h, used via GrbInfo/Index/RowIter axioms
graph/src/graph/graphblas/mod.rs	GxB_Matrix_unpack_HyperCSC	16967	AXIOMATISED	bindgen extern decl (GraphBLAS C API); spec = GraphBLAS.h, used via GrbInfo/Index/RowIter axioms
graph/src/graph/graphblas/mod.rs	GxB_Matrix_unpack_BitmapR	16984	AXIOMATISED	bindgen extern decl (GraphBLAS C API); spec = GraphBLAS.h, used via GrbInfo/Index/RowIter axioms
graph/src/graph/graphblas/mod.rs	GxB_Matrix_unpack_BitmapC	16996	AXIOMATISED	bindgen extern decl (GraphBLAS C API); spec = GraphBLAS.h, used via GrbInfo/Index/RowIter axioms
graph/src/graph/graphblas/mod.rs	GxB_Matrix_unpack_FullR	17008	AXIOMATISED	bindgen extern decl (GraphBLAS C API); spec = GraphBLAS.h, used via GrbInfo/Index/RowIter axioms
graph/src/graph/graphblas/mod.rs	GxB_Matrix_unpack_FullC	17017	AXIOMATISED	bindgen extern decl (GraphBLAS C API); spec = GraphBLAS.h, used via GrbInfo/Index/RowIter axioms
graph/src/graph/graphblas/mod.rs	GxB_Vector_unpack_CSC	17026	AXIOMATISED	bindgen extern decl (GraphBLAS C API); spec = GraphBLAS.h, used via GrbInfo/Index/RowIter axioms
graph/src/graph/graphblas/mod.rs	GxB_Vector_unpack_Bitmap	17039	AXIOMATISED	bindgen extern decl (GraphBLAS C API); spec = GraphBLAS.h, used via GrbInfo/Index/RowIter axioms
graph/src/graph/graphblas/mod.rs	GxB_Vector_unpack_Full	17051	AXIOMATISED	bindgen extern decl (GraphBLAS C API); spec = GraphBLAS.h, used via GrbInfo/Index/RowIter axioms
graph/src/graph/graphblas/mod.rs	GxB_unpack_HyperHash	17060	AXIOMATISED	bindgen extern decl (GraphBLAS C API); spec = GraphBLAS.h, used via GrbInfo/Index/RowIter axioms
graph/src/graph/graphblas/mod.rs	GxB_pack_HyperHash	17067	AXIOMATISED	bindgen extern decl (GraphBLAS C API); spec = GraphBLAS.h, used via GrbInfo/Index/RowIter axioms
graph/src/graph/graphblas/lagraph_bindings.rs	LAGraph_Malloc	41	AXIOMATISED	bindgen extern decl (LAGraph C API); only LAGraph_Init/Finalize called (matrix.rs init/shutdown)
graph/src/graph/graphblas/lagraph_bindings.rs	LAGraph_Calloc	50	AXIOMATISED	bindgen extern decl (LAGraph C API); only LAGraph_Init/Finalize called (matrix.rs init/shutdown)
graph/src/graph/graphblas/lagraph_bindings.rs	LAGraph_Realloc	59	AXIOMATISED	bindgen extern decl (LAGraph C API); only LAGraph_Init/Finalize called (matrix.rs init/shutdown)
graph/src/graph/graphblas/lagraph_bindings.rs	LAGraph_Free	69	AXIOMATISED	bindgen extern decl (LAGraph C API); only LAGraph_Init/Finalize called (matrix.rs init/shutdown)
graph/src/graph/graphblas/lagraph_bindings.rs	LAGraph_Init	160	AXIOMATISED	bindgen extern decl (LAGraph C API); only LAGraph_Init/Finalize called (matrix.rs init/shutdown)
graph/src/graph/graphblas/lagraph_bindings.rs	LAGraph_Version	164	AXIOMATISED	bindgen extern decl (LAGraph C API); only LAGraph_Init/Finalize called (matrix.rs init/shutdown)
graph/src/graph/graphblas/lagraph_bindings.rs	LAGraph_Finalize	172	AXIOMATISED	bindgen extern decl (LAGraph C API); only LAGraph_Init/Finalize called (matrix.rs init/shutdown)
graph/src/graph/graphblas/lagraph_bindings.rs	LAGraph_New	176	AXIOMATISED	bindgen extern decl (LAGraph C API); only LAGraph_Init/Finalize called (matrix.rs init/shutdown)
graph/src/graph/graphblas/lagraph_bindings.rs	LAGraph_Delete	185	AXIOMATISED	bindgen extern decl (LAGraph C API); only LAGraph_Init/Finalize called (matrix.rs init/shutdown)
graph/src/graph/graphblas/lagraph_bindings.rs	LAGraph_DeleteCached	192	AXIOMATISED	bindgen extern decl (LAGraph C API); only LAGraph_Init/Finalize called (matrix.rs init/shutdown)
graph/src/graph/graphblas/lagraph_bindings.rs	LAGraph_Cached_AT	199	AXIOMATISED	bindgen extern decl (LAGraph C API); only LAGraph_Init/Finalize called (matrix.rs init/shutdown)
graph/src/graph/graphblas/lagraph_bindings.rs	LAGraph_Cached_IsSymmetricStructure	206	AXIOMATISED	bindgen extern decl (LAGraph C API); only LAGraph_Init/Finalize called (matrix.rs init/shutdown)
graph/src/graph/graphblas/lagraph_bindings.rs	LAGraph_Cached_OutDegree	213	AXIOMATISED	bindgen extern decl (LAGraph C API); only LAGraph_Init/Finalize called (matrix.rs init/shutdown)
graph/src/graph/graphblas/lagraph_bindings.rs	LAGraph_Cached_InDegree	220	AXIOMATISED	bindgen extern decl (LAGraph C API); only LAGraph_Init/Finalize called (matrix.rs init/shutdown)
graph/src/graph/graphblas/lagraph_bindings.rs	LAGraph_Cached_NSelfEdges	227	AXIOMATISED	bindgen extern decl (LAGraph C API); only LAGraph_Init/Finalize called (matrix.rs init/shutdown)
graph/src/graph/graphblas/lagraph_bindings.rs	LAGraph_Cached_EMin	234	AXIOMATISED	bindgen extern decl (LAGraph C API); only LAGraph_Init/Finalize called (matrix.rs init/shutdown)
graph/src/graph/graphblas/lagraph_bindings.rs	LAGraph_Cached_EMax	241	AXIOMATISED	bindgen extern decl (LAGraph C API); only LAGraph_Init/Finalize called (matrix.rs init/shutdown)
graph/src/graph/graphblas/lagraph_bindings.rs	LAGraph_DeleteSelfEdges	248	AXIOMATISED	bindgen extern decl (LAGraph C API); only LAGraph_Init/Finalize called (matrix.rs init/shutdown)
graph/src/graph/graphblas/lagraph_bindings.rs	LAGraph_CheckGraph	255	AXIOMATISED	bindgen extern decl (LAGraph C API); only LAGraph_Init/Finalize called (matrix.rs init/shutdown)
graph/src/graph/graphblas/lagraph_bindings.rs	LAGraph_GetNumThreads	262	AXIOMATISED	bindgen extern decl (LAGraph C API); only LAGraph_Init/Finalize called (matrix.rs init/shutdown)
graph/src/graph/graphblas/lagraph_bindings.rs	LAGraph_SetNumThreads	270	AXIOMATISED	bindgen extern decl (LAGraph C API); only LAGraph_Init/Finalize called (matrix.rs init/shutdown)
graph/src/graph/graphblas/lagraph_bindings.rs	LAGraph_WallClockTime	278	AXIOMATISED	bindgen extern decl (LAGraph C API); only LAGraph_Init/Finalize called (matrix.rs init/shutdown)
graph/src/graph/graphblas/lagraph_bindings.rs	LAGraph_MMRead	282	AXIOMATISED	bindgen extern decl (LAGraph C API); only LAGraph_Init/Finalize called (matrix.rs init/shutdown)
graph/src/graph/graphblas/lagraph_bindings.rs	LAGraph_MMWrite	290	AXIOMATISED	bindgen extern decl (LAGraph C API); only LAGraph_Init/Finalize called (matrix.rs init/shutdown)
graph/src/graph/graphblas/lagraph_bindings.rs	LAGraph_Matrix_Structure	299	AXIOMATISED	bindgen extern decl (LAGraph C API); only LAGraph_Init/Finalize called (matrix.rs init/shutdown)
graph/src/graph/graphblas/lagraph_bindings.rs	LAGraph_Vector_Structure	307	AXIOMATISED	bindgen extern decl (LAGraph C API); only LAGraph_Init/Finalize called (matrix.rs init/shutdown)
graph/src/graph/graphblas/lagraph_bindings.rs	LAGraph_NameOfType	315	AXIOMATISED	bindgen extern decl (LAGraph C API); only LAGraph_Init/Finalize called (matrix.rs init/shutdown)
graph/src/graph/graphblas/lagraph_bindings.rs	LAGraph_TypeFromName	323	AXIOMATISED	bindgen extern decl (LAGraph C API); only LAGraph_Init/Finalize called (matrix.rs init/shutdown)
graph/src/graph/graphblas/lagraph_bindings.rs	LAGraph_SizeOfType	331	AXIOMATISED	bindgen extern decl (LAGraph C API); only LAGraph_Init/Finalize called (matrix.rs init/shutdown)
graph/src/graph/graphblas/lagraph_bindings.rs	LAGraph_Matrix_TypeName	339	AXIOMATISED	bindgen extern decl (LAGraph C API); only LAGraph_Init/Finalize called (matrix.rs init/shutdown)
graph/src/graph/graphblas/lagraph_bindings.rs	LAGraph_Vector_TypeName	347	AXIOMATISED	bindgen extern decl (LAGraph C API); only LAGraph_Init/Finalize called (matrix.rs init/shutdown)
graph/src/graph/graphblas/lagraph_bindings.rs	LAGraph_Scalar_TypeName	355	AXIOMATISED	bindgen extern decl (LAGraph C API); only LAGraph_Init/Finalize called (matrix.rs init/shutdown)
graph/src/graph/graphblas/lagraph_bindings.rs	LAGraph_Graph_Print	380	AXIOMATISED	bindgen extern decl (LAGraph C API); only LAGraph_Init/Finalize called (matrix.rs init/shutdown)
graph/src/graph/graphblas/lagraph_bindings.rs	LAGraph_Matrix_Print	389	AXIOMATISED	bindgen extern decl (LAGraph C API); only LAGraph_Init/Finalize called (matrix.rs init/shutdown)
graph/src/graph/graphblas/lagraph_bindings.rs	LAGraph_Vector_Print	398	AXIOMATISED	bindgen extern decl (LAGraph C API); only LAGraph_Init/Finalize called (matrix.rs init/shutdown)
graph/src/graph/graphblas/lagraph_bindings.rs	LAGraph_Matrix_IsEqual	407	AXIOMATISED	bindgen extern decl (LAGraph C API); only LAGraph_Init/Finalize called (matrix.rs init/shutdown)
graph/src/graph/graphblas/lagraph_bindings.rs	LAGraph_Matrix_IsEqualOp	416	AXIOMATISED	bindgen extern decl (LAGraph C API); only LAGraph_Init/Finalize called (matrix.rs init/shutdown)
graph/src/graph/graphblas/lagraph_bindings.rs	LAGraph_Vector_IsEqual	426	AXIOMATISED	bindgen extern decl (LAGraph C API); only LAGraph_Init/Finalize called (matrix.rs init/shutdown)
graph/src/graph/graphblas/lagraph_bindings.rs	LAGraph_Vector_IsEqualOp	435	AXIOMATISED	bindgen extern decl (LAGraph C API); only LAGraph_Init/Finalize called (matrix.rs init/shutdown)
graph/src/graph/graphblas/lagraph_bindings.rs	LAGraph_Random_Seed	445	AXIOMATISED	bindgen extern decl (LAGraph C API); only LAGraph_Init/Finalize called (matrix.rs init/shutdown)
graph/src/graph/graphblas/lagraph_bindings.rs	LAGraph_Random_Next	453	AXIOMATISED	bindgen extern decl (LAGraph C API); only LAGraph_Init/Finalize called (matrix.rs init/shutdown)
graph/src/graph/graphblas/lagraph_bindings.rs	LAGraph_TriangleCount	460	AXIOMATISED	bindgen extern decl (LAGraph C API); only LAGraph_Init/Finalize called (matrix.rs init/shutdown)
graph/src/graph/graphblas/lagraph_bindings.rs	LAGr_Init	468	AXIOMATISED	bindgen extern decl (LAGraph C API); only LAGraph_Init/Finalize called (matrix.rs init/shutdown)
graph/src/graph/graphblas/lagraph_bindings.rs	LAGr_SortByDegree	490	AXIOMATISED	bindgen extern decl (LAGraph C API); only LAGraph_Init/Finalize called (matrix.rs init/shutdown)
graph/src/graph/graphblas/lagraph_bindings.rs	LAGr_SampleDegree	500	AXIOMATISED	bindgen extern decl (LAGraph C API); only LAGraph_Init/Finalize called (matrix.rs init/shutdown)
graph/src/graph/graphblas/lagraph_bindings.rs	LAGr_BreadthFirstSearch	512	AXIOMATISED	bindgen extern decl (LAGraph C API); only LAGraph_Init/Finalize called (matrix.rs init/shutdown)
graph/src/graph/graphblas/lagraph_bindings.rs	LAGr_ConnectedComponents	522	AXIOMATISED	bindgen extern decl (LAGraph C API); only LAGraph_Init/Finalize called (matrix.rs init/shutdown)
graph/src/graph/graphblas/lagraph_bindings.rs	LAGr_SingleSourceShortestPath	530	AXIOMATISED	bindgen extern decl (LAGraph C API); only LAGraph_Init/Finalize called (matrix.rs init/shutdown)
graph/src/graph/graphblas/lagraph_bindings.rs	LAGr_Betweenness	540	AXIOMATISED	bindgen extern decl (LAGraph C API); only LAGraph_Init/Finalize called (matrix.rs init/shutdown)
graph/src/graph/graphblas/lagraph_bindings.rs	LAGr_PageRank	550	AXIOMATISED	bindgen extern decl (LAGraph C API); only LAGraph_Init/Finalize called (matrix.rs init/shutdown)
graph/src/graph/graphblas/lagraph_bindings.rs	LAGr_PageRankGAP	561	AXIOMATISED	bindgen extern decl (LAGraph C API); only LAGraph_Init/Finalize called (matrix.rs init/shutdown)
graph/src/graph/graphblas/lagraph_bindings.rs	LAGr_TriangleCount	605	AXIOMATISED	bindgen extern decl (LAGraph C API); only LAGraph_Init/Finalize called (matrix.rs init/shutdown)
graph/src/graph/graphblas/lagraphx_bindings.rs	LAGraph_Random_Matrix	67	AXIOMATISED	bindgen extern decl (LAGraphX C API); called from algo procedures, outside this project
graph/src/graph/graphblas/lagraphx_bindings.rs	LAGraph_Incidence_Matrix	77	AXIOMATISED	bindgen extern decl (LAGraphX C API); called from algo procedures, outside this project
graph/src/graph/graphblas/lagraphx_bindings.rs	LAGraph_Hash_Vector	83	AXIOMATISED	bindgen extern decl (LAGraphX C API); called from algo procedures, outside this project
graph/src/graph/graphblas/lagraphx_bindings.rs	LAGraph_FastAssign_Monoid	89	AXIOMATISED	bindgen extern decl (LAGraphX C API); called from algo procedures, outside this project
graph/src/graph/graphblas/lagraphx_bindings.rs	LAGraph_FastAssign_Semiring	101	AXIOMATISED	bindgen extern decl (LAGraphX C API); called from algo procedures, outside this project
graph/src/graph/graphblas/lagraphx_bindings.rs	LAGraph_AllKTruss	113	AXIOMATISED	bindgen extern decl (LAGraphX C API); called from algo procedures, outside this project
graph/src/graph/graphblas/lagraphx_bindings.rs	LAGraph_KTruss	123	AXIOMATISED	bindgen extern decl (LAGraphX C API); called from algo procedures, outside this project
graph/src/graph/graphblas/lagraphx_bindings.rs	LAGraph_cc_lacc	130	AXIOMATISED	bindgen extern decl (LAGraphX C API); called from algo procedures, outside this project
graph/src/graph/graphblas/lagraphx_bindings.rs	LAGraph_BF_basic	137	AXIOMATISED	bindgen extern decl (LAGraphX C API); called from algo procedures, outside this project
graph/src/graph/graphblas/lagraphx_bindings.rs	LAGraph_BF_basic_pushpull	143	AXIOMATISED	bindgen extern decl (LAGraphX C API); called from algo procedures, outside this project
graph/src/graph/graphblas/lagraphx_bindings.rs	LAGraph_BF_basic_mxv	150	AXIOMATISED	bindgen extern decl (LAGraphX C API); called from algo procedures, outside this project
graph/src/graph/graphblas/lagraphx_bindings.rs	LAGraph_BF_full	156	AXIOMATISED	bindgen extern decl (LAGraphX C API); called from algo procedures, outside this project
graph/src/graph/graphblas/lagraphx_bindings.rs	LAGraph_BF_full1	164	AXIOMATISED	bindgen extern decl (LAGraphX C API); called from algo procedures, outside this project
graph/src/graph/graphblas/lagraphx_bindings.rs	LAGraph_BF_full1a	172	AXIOMATISED	bindgen extern decl (LAGraphX C API); called from algo procedures, outside this project
graph/src/graph/graphblas/lagraphx_bindings.rs	LAGraph_BF_full2	180	AXIOMATISED	bindgen extern decl (LAGraphX C API); called from algo procedures, outside this project
graph/src/graph/graphblas/lagraphx_bindings.rs	LAGraph_BF_full_mxv	188	AXIOMATISED	bindgen extern decl (LAGraphX C API); called from algo procedures, outside this project
graph/src/graph/graphblas/lagraphx_bindings.rs	LAGraph_BF_pure_c	196	AXIOMATISED	bindgen extern decl (LAGraphX C API); called from algo procedures, outside this project
graph/src/graph/graphblas/lagraphx_bindings.rs	LAGraph_BF_pure_c_double	207	AXIOMATISED	bindgen extern decl (LAGraphX C API); called from algo procedures, outside this project
graph/src/graph/graphblas/lagraphx_bindings.rs	LAGraph_cdlp	218	AXIOMATISED	bindgen extern decl (LAGraphX C API); called from algo procedures, outside this project
graph/src/graph/graphblas/lagraphx_bindings.rs	LAGraph_cdlp_withsort	225	AXIOMATISED	bindgen extern decl (LAGraphX C API); called from algo procedures, outside this project
graph/src/graph/graphblas/lagraphx_bindings.rs	LAGr_PageRankGX	232	AXIOMATISED	bindgen extern decl (LAGraphX C API); called from algo procedures, outside this project
graph/src/graph/graphblas/lagraphx_bindings.rs	LAGraph_dnn	241	AXIOMATISED	bindgen extern decl (LAGraphX C API); called from algo procedures, outside this project
graph/src/graph/graphblas/lagraphx_bindings.rs	LAGraph_FW	249	AXIOMATISED	bindgen extern decl (LAGraphX C API); called from algo procedures, outside this project
graph/src/graph/graphblas/lagraphx_bindings.rs	LAGraph_lcc	255	AXIOMATISED	bindgen extern decl (LAGraphX C API); called from algo procedures, outside this project
graph/src/graph/graphblas/lagraphx_bindings.rs	LAGraph_msf	261	AXIOMATISED	bindgen extern decl (LAGraphX C API); called from algo procedures, outside this project
graph/src/graph/graphblas/lagraphx_bindings.rs	LAGraph_scc	269	AXIOMATISED	bindgen extern decl (LAGraphX C API); called from algo procedures, outside this project
graph/src/graph/graphblas/lagraphx_bindings.rs	LAGraph_RegularPathQuery	275	AXIOMATISED	bindgen extern decl (LAGraphX C API); called from algo procedures, outside this project
graph/src/graph/graphblas/lagraphx_bindings.rs	LAGraph_VertexCentrality_Triangle	289	AXIOMATISED	bindgen extern decl (LAGraphX C API); called from algo procedures, outside this project
graph/src/graph/graphblas/lagraphx_bindings.rs	LAGraph_MaximalIndependentSet	297	AXIOMATISED	bindgen extern decl (LAGraphX C API); called from algo procedures, outside this project
graph/src/graph/graphblas/lagraphx_bindings.rs	LAGraph_KCore_All	305	AXIOMATISED	bindgen extern decl (LAGraphX C API); called from algo procedures, outside this project
graph/src/graph/graphblas/lagraphx_bindings.rs	LAGraph_KCore	312	AXIOMATISED	bindgen extern decl (LAGraphX C API); called from algo procedures, outside this project
graph/src/graph/graphblas/lagraphx_bindings.rs	LAGraph_KCore_Decompose	319	AXIOMATISED	bindgen extern decl (LAGraphX C API); called from algo procedures, outside this project
graph/src/graph/graphblas/lagraphx_bindings.rs	LAGraph_FastGraphletTransform	327	AXIOMATISED	bindgen extern decl (LAGraphX C API); called from algo procedures, outside this project
graph/src/graph/graphblas/lagraphx_bindings.rs	LAGraph_MaximalMatching	334	AXIOMATISED	bindgen extern decl (LAGraphX C API); called from algo procedures, outside this project
graph/src/graph/graphblas/lagraphx_bindings.rs	LAGraph_Coarsen_Matching	343	AXIOMATISED	bindgen extern decl (LAGraphX C API); called from algo procedures, outside this project
graph/src/graph/graphblas/lagraphx_bindings.rs	LAGraph_SquareClustering	356	AXIOMATISED	bindgen extern decl (LAGraphX C API); called from algo procedures, outside this project
graph/src/graph/graphblas/lagraphx_bindings.rs	LAGraph_CFL_reachability	362	AXIOMATISED	bindgen extern decl (LAGraphX C API); called from algo procedures, outside this project
graph/src/graph/graphblas/lagraphx_bindings.rs	LAGraph_HelloWorld	372	AXIOMATISED	bindgen extern decl (LAGraphX C API); called from algo procedures, outside this project
graph/src/graph/graphblas/lagraphx_bindings.rs	LAGraph_MultiSourceBFS	378	AXIOMATISED	bindgen extern decl (LAGraphX C API); called from algo procedures, outside this project
graph/src/graph/graphblas/lagraphx_bindings.rs	LAGraph_EstimateDiameter	386	AXIOMATISED	bindgen extern decl (LAGraphX C API); called from algo procedures, outside this project
graph/src/graph/graphblas/lagraphx_bindings.rs	LAGraph_ExactDiameter	396	AXIOMATISED	bindgen extern decl (LAGraphX C API); called from algo procedures, outside this project
graph/src/graph/graphblas/lagraphx_bindings.rs	LAGraph_Happly	405	AXIOMATISED	bindgen extern decl (LAGraphX C API); called from algo procedures, outside this project
graph/src/graph/graphblas/lagraphx_bindings.rs	LAGraph_hmhx	413	AXIOMATISED	bindgen extern decl (LAGraphX C API); called from algo procedures, outside this project
graph/src/graph/graphblas/lagraphx_bindings.rs	LAGraph_norm2	422	AXIOMATISED	bindgen extern decl (LAGraphX C API); called from algo procedures, outside this project
graph/src/graph/graphblas/lagraphx_bindings.rs	LAGraph_Laplacian	428	AXIOMATISED	bindgen extern decl (LAGraphX C API); called from algo procedures, outside this project
graph/src/graph/graphblas/lagraphx_bindings.rs	LAGraph_mypcg2	435	AXIOMATISED	bindgen extern decl (LAGraphX C API); called from algo procedures, outside this project
graph/src/graph/graphblas/lagraphx_bindings.rs	LAGraph_Hdip_Fiedler	448	AXIOMATISED	bindgen extern decl (LAGraphX C API); called from algo procedures, outside this project
graph/src/graph/graphblas/lagraphx_bindings.rs	LAGr_TriangleCount_GPU	460	AXIOMATISED	bindgen extern decl (LAGraphX C API); called from algo procedures, outside this project
graph/src/graph/graphblas/lagraphx_bindings.rs	LAGr_HITS	468	AXIOMATISED	bindgen extern decl (LAGraphX C API); called from algo procedures, outside this project
graph/src/graph/graphblas/lagraphx_bindings.rs	LAGr_EdgeBetweennessCentrality	478	AXIOMATISED	bindgen extern decl (LAGraphX C API); called from algo procedures, outside this project
graph/src/graph/graphblas/lagraphx_bindings.rs	LAGr_HarmonicCentrality	486	AXIOMATISED	bindgen extern decl (LAGraphX C API); called from algo procedures, outside this project
graph/src/graph/graphblas/lagraphx_bindings.rs	LAGr_HarmonicCentrality_exact	495	AXIOMATISED	bindgen extern decl (LAGraphX C API); called from algo procedures, outside this project
graph/src/graph/graphblas/lagraphx_bindings.rs	LAGr_PeerPressureClustering	504	AXIOMATISED	bindgen extern decl (LAGraphX C API); called from algo procedures, outside this project
graph/src/graph/graphblas/lagraphx_bindings.rs	LAGr_MarkovClustering	514	AXIOMATISED	bindgen extern decl (LAGraphX C API); called from algo procedures, outside this project
graph/src/graph/graphblas/lagraphx_bindings.rs	LAGr_PartitionQuality	525	AXIOMATISED	bindgen extern decl (LAGraphX C API); called from algo procedures, outside this project
graph/src/graph/graphblas/lagraphx_bindings.rs	LAGr_Modularity	533	AXIOMATISED	bindgen extern decl (LAGraphX C API); called from algo procedures, outside this project
graph/src/graph/graphblas/lagraphx_bindings.rs	LAGraph_argminmax	541	AXIOMATISED	bindgen extern decl (LAGraphX C API); called from algo procedures, outside this project
graph/src/graph/graphblas/lagraphx_bindings.rs	LAGr_MaximumMatching	550	AXIOMATISED	bindgen extern decl (LAGraphX C API); called from algo procedures, outside this project
graph/src/graph/graphblas/lagraphx_bindings.rs	LAGraph_RichClubCoefficient	560	AXIOMATISED	bindgen extern decl (LAGraphX C API); called from algo procedures, outside this project
graph/src/graph/graphblas/lagraphx_bindings.rs	LAGraph_SwapEdges	566	AXIOMATISED	bindgen extern decl (LAGraphX C API); called from algo procedures, outside this project
graph/src/graph/graphblas/lagraphx_bindings.rs	LAGr_SwapEdges	574	AXIOMATISED	bindgen extern decl (LAGraphX C API); called from algo procedures, outside this project
graph/src/graph/graphblas/lagraphx_bindings.rs	LAGr_BreadthFirstSearch_Extended	585	AXIOMATISED	bindgen extern decl (LAGraphX C API); called from algo procedures, outside this project
graph/src/graph/graphblas/lagraphx_bindings.rs	LAGraph_coloring_independent_set	596	AXIOMATISED	bindgen extern decl (LAGraphX C API); called from algo procedures, outside this project
graph/src/graph/graphblas/lagraphx_bindings.rs	LAGraph_coloring_MIS	603	AXIOMATISED	bindgen extern decl (LAGraphX C API); called from algo procedures, outside this project
graph/src/graph/graphblas/lagraphx_bindings.rs	LAGr_MaxFlow	610	AXIOMATISED	bindgen extern decl (LAGraphX C API); called from algo procedures, outside this project
graph/src/graph/graphblas/tensor.rs	resize	809	PROVEN	Misc.resize_grow_iff_grownOk (grow path satisfies grown precondition)
graph/src/graph/graphblas/tensor.rs	edge_count	1221	PROVEN	Decode.edgeCount_no_panic / edgeCount_value (also VM count_correct)
graph/src/graph/graphblas/tensor.rs	iter_edges	1283	PROVEN	Misc.iterExpand_eq_flatMap / iterExpand_all_single
graph/src/graph/graphblas/tensor.rs	iter	1300	PROVEN	Misc.iterExpand_eq_flatMap
graph/src/graph/graphblas/tensor.rs	decode	1530	PROVEN	Decode.orphan_row_panics / more_me_rows_than_pattern_panics: CONFIRMED bug_tensor_decode_accepts_orphan_me_row_then_edge_count_panics; + Codes.decodeBlob_is_dos via decode_blob
graph/src/graph/graphblas/tensor.rs	next	1643	PROVEN	Misc.expand (EdgeIds = inline or me row)
graph/src/graph/graphblas/tensor.rs	next	1727	PROVEN	Misc.iterExpand_eq_flatMap / iterExpand_length
graph/src/graph/graphblas/serialization.rs	encode	34	PROVEN	GBWSerial.Codec (trait contract; instance VMOps.decode_encode): Codec.roundtrip2
graph/src/graph/graphblas/serialization.rs	encode_with_range	40	PROVEN	GBWSerial.encodeWithRangeDefault: defaults_panic
graph/src/graph/graphblas/serialization.rs	decode	64	PROVEN	GBWSerial.Codec (trait contract; instance VMOps.decode_encode): Codec.roundtrip2
graph/src/graph/graphblas/serialization.rs	decode_with_count	76	PROVEN	GBWSerial.decodeWithCountDefault: defaults_panic
graph/src/graph/graphblas/serialization.rs	from_u64	146	PROVEN	GBWSerial.fromU64: fromU64_disc, fromU64_some, fromU64_none
