{
 "ResultFormatVersion": "0.0.1",
 "Metadata": "",
 "Clients": 32,
 "MaxRps": 0,
 "RandomSeed": 12345,
 "BenchmarkConfiguredCommandsLimit": 3000,
 "IssuedCommands": 3000,
 "BenchmarkFullyRun": true,
 "TestDescription": "",
 "DBSpecificConfigs": {
  "FalkorDBVersion": 21210
 },
 "StartTime": 1720086035521,
 "EndTime": 1720086145522,
 "DurationMillis": 110000,
 "Totals": {
  "MATCH (s:S0), (t:S5) WITH * MATCH p = allShortestPaths((s)-[:R*]-\u003e(t)) RETURN count(p)": {
   "Errors": 0,
   "IssuedQueries": 3000,
   "LabelsAdded": 0,
   "NodesCreated": 0,
   "NodesDeleted": 0,
   "PropertiesSet": 0,
   "RelationshipsCreated": 0,
   "RelationshipsDeleted": 0
  },
  "Total": {
   "Errors": 0,
   "IssuedQueries": 3000,
   "LabelsAdded": 0,
   "NodesCreated": 0,
   "NodesDeleted": 0,
   "PropertiesSet": 0,
   "RelationshipsCreated": 0,
   "RelationshipsDeleted": 0
  }
 },
 "OverallQueryRates": {
  "MATCH (s:S0), (t:S5) WITH * MATCH p = allShortestPaths((s)-[:R*]-\u003e(t)) RETURN count(p)": 27.272482077245773,
  "Total": 27.272482077245773
 },
 "OverallClientLatencies": {
  "MATCH (s:S0), (t:S5) WITH * MATCH p = allShortestPaths((s)-[:R*]-\u003e(t)) RETURN count(p)": {
   "avg": 1144.2365066666666,
   "q0": 0,
   "q100": 1494.911,
   "q50": 1123.583,
   "q95": 1359.487,
   "q99": 1431.679,
   "q999": 1483.775
  },
  "Total": {
   "avg": 1144.2365066666666,
   "q0": 0,
   "q100": 1494.911,
   "q50": 1123.583,
   "q95": 1359.487,
   "q99": 1431.679,
   "q999": 1483.775
  }
 },
 "OverallGraphInternalLatencies": {
  "MATCH (s:S0), (t:S5) WITH * MATCH p = allShortestPaths((s)-[:R*]-\u003e(t)) RETURN count(p)": {
   "avg": 287.6395693333333,
   "q0": 0,
   "q100": 440.863,
   "q50": 279.743,
   "q95": 360.431,
   "q99": 389.327,
   "q999": 416.415
  },
  "Total": {
   "avg": 287.6395693333333,
   "q0": 0,
   "q100": 440.863,
   "q50": 279.743,
   "q95": 360.431,
   "q99": 389.327,
   "q999": 416.415
  }
 },
 "OverallRelativeInternalExternalLatencyDiff": {
  "avg": 3.97802190191941,
  "q100": 3.390874262526,
  "q50": 4.016482986169449,
  "q95": 3.7718370506421484,
  "q99": 3.677317524856997,
  "q999": 3.563212180156815
 },
 "OverallAbsoluteInternalExternalLatencyDiff": {
  "avg": 856.5969373333332,
  "q0": 0,
  "q100": 1054.048,
  "q50": 843.8400000000001,
  "q95": 999.056,
  "q99": 1042.352,
  "q999": 1067.3600000000001
 },
 "ClientRunTimeStats": null,
 "ServerRunTimeStats": null
}