{
 "ResultFormatVersion": "0.0.1",
 "Metadata": "",
 "Clients": 32,
 "MaxRps": 0,
 "RandomSeed": 12345,
 "BenchmarkConfiguredCommandsLimit": 50000,
 "IssuedCommands": 50000,
 "BenchmarkFullyRun": true,
 "TestDescription": "",
 "DBSpecificConfigs": {
  "FalkorDBVersion": 21210
 },
 "StartTime": 1720086212234,
 "EndTime": 1720086392235,
 "DurationMillis": 180001,
 "Totals": {
  "MATCH (s:S0), (t:S2) WITH * MATCH p = allShortestPaths((s)-[:R*]-\u003e(t)) RETURN count(p)": {
   "Errors": 0,
   "IssuedQueries": 50000,
   "LabelsAdded": 0,
   "NodesCreated": 0,
   "NodesDeleted": 0,
   "PropertiesSet": 0,
   "RelationshipsCreated": 0,
   "RelationshipsDeleted": 0
  },
  "Total": {
   "Errors": 0,
   "IssuedQueries": 50000,
   "LabelsAdded": 0,
   "NodesCreated": 0,
   "NodesDeleted": 0,
   "PropertiesSet": 0,
   "RelationshipsCreated": 0,
   "RelationshipsDeleted": 0
  }
 },
 "OverallQueryRates": {
  "MATCH (s:S0), (t:S2) WITH * MATCH p = allShortestPaths((s)-[:R*]-\u003e(t)) RETURN count(p)": 277.77561612021714,
  "Total": 277.77561612021714
 },
 "OverallClientLatencies": {
  "MATCH (s:S0), (t:S2) WITH * MATCH p = allShortestPaths((s)-[:R*]-\u003e(t)) RETURN count(p)": {
   "avg": 114.31988908,
   "q0": 0,
   "q100": 140.887,
   "q50": 114.643,
   "q95": 121.779,
   "q99": 125.383,
   "q999": 130.675
  },
  "Total": {
   "avg": 114.31988908,
   "q0": 0,
   "q100": 140.887,
   "q50": 114.643,
   "q95": 121.779,
   "q99": 125.383,
   "q999": 130.675
  }
 },
 "OverallGraphInternalLatencies": {
  "MATCH (s:S0), (t:S2) WITH * MATCH p = allShortestPaths((s)-[:R*]-\u003e(t)) RETURN count(p)": {
   "avg": 28.543347259999997,
   "q0": 0,
   "q100": 52.035,
   "q50": 28.496,
   "q95": 31.329,
   "q99": 33.117,
   "q999": 37.853
  },
  "Total": {
   "avg": 28.543347259999997,
   "q0": 0,
   "q100": 52.035,
   "q50": 28.496,
   "q95": 31.329,
   "q99": 33.117,
   "q999": 37.853
  }
 },
 "OverallRelativeInternalExternalLatencyDiff": {
  "avg": 4.005132545901696,
  "q100": 2.707542999903911,
  "q50": 4.023126052779338,
  "q95": 3.8871014076414823,
  "q99": 3.7860615393906456,
  "q999": 3.4521702374976884
 },
 "OverallAbsoluteInternalExternalLatencyDiff": {
  "avg": 85.77654182,
  "q0": 0,
  "q100": 88.852,
  "q50": 86.147,
  "q95": 90.44999999999999,
  "q99": 92.26599999999999,
  "q999": 92.822
 },
 "ClientRunTimeStats": null,
 "ServerRunTimeStats": null
}