{
 "ResultFormatVersion": "0.0.1",
 "Metadata": "",
 "Clients": 1,
 "MaxRps": 0,
 "RandomSeed": 12345,
 "BenchmarkConfiguredCommandsLimit": 500,
 "IssuedCommands": 500,
 "BenchmarkFullyRun": true,
 "TestDescription": "",
 "DBSpecificConfigs": {
  "FalkorDBVersion": 21210
 },
 "StartTime": 1720085809519,
 "EndTime": 1720085814523,
 "DurationMillis": 5004,
 "Totals": {
  "MATCH (n:N {v: floor(rand()*100001)}) DELETE n RETURN 1 LIMIT 1": {
   "Errors": 0,
   "IssuedQueries": 500,
   "LabelsAdded": 0,
   "NodesCreated": 0,
   "NodesDeleted": 499,
   "PropertiesSet": 0,
   "RelationshipsCreated": 0,
   "RelationshipsDeleted": 1497
  },
  "Total": {
   "Errors": 0,
   "IssuedQueries": 500,
   "LabelsAdded": 0,
   "NodesCreated": 0,
   "NodesDeleted": 499,
   "PropertiesSet": 0,
   "RelationshipsCreated": 0,
   "RelationshipsDeleted": 1497
  }
 },
 "OverallQueryRates": {
  "MATCH (n:N {v: floor(rand()*100001)}) DELETE n RETURN 1 LIMIT 1": 99.91249557730094,
  "Total": 99.91249557730094
 },
 "OverallClientLatencies": {
  "MATCH (n:N {v: floor(rand()*100001)}) DELETE n RETURN 1 LIMIT 1": {
   "avg": 0.474914,
   "q0": 0,
   "q100": 51.007,
   "q50": 0.375,
   "q95": 0.533,
   "q99": 0.679,
   "q999": 51.007
  },
  "Total": {
   "avg": 0.474914,
   "q0": 0,
   "q100": 51.007,
   "q50": 0.375,
   "q95": 0.533,
   "q99": 0.679,
   "q999": 51.007
  }
 },
 "OverallGraphInternalLatencies": {
  "MATCH (n:N {v: floor(rand()*100001)}) DELETE n RETURN 1 LIMIT 1": {
   "avg": 0.360882,
   "q0": 0,
   "q100": 44.073,
   "q50": 0.275,
   "q95": 0.427,
   "q99": 0.454,
   "q999": 44.073
  },
  "Total": {
   "avg": 0.360882,
   "q0": 0,
   "q100": 44.073,
   "q50": 0.275,
   "q95": 0.427,
   "q99": 0.454,
   "q999": 44.073
  }
 },
 "OverallRelativeInternalExternalLatencyDiff": {
  "avg": 1.3159814011228048,
  "q100": 1.1573298845097906,
  "q50": 1.3636363636363635,
  "q95": 1.2482435597189696,
  "q99": 1.4955947136563876,
  "q999": 1.1573298845097906
 },
 "OverallAbsoluteInternalExternalLatencyDiff": {
  "avg": 0.11403200000000002,
  "q0": 0,
  "q100": 6.9339999999999975,
  "q50": 0.09999999999999998,
  "q95": 0.10600000000000004,
  "q99": 0.22500000000000003,
  "q999": 6.9339999999999975
 },
 "ClientRunTimeStats": null,
 "ServerRunTimeStats": null
}