{
 "ResultFormatVersion": "0.0.1",
 "Metadata": "",
 "Clients": 32,
 "MaxRps": 0,
 "RandomSeed": 12345,
 "BenchmarkConfiguredCommandsLimit": 50000,
 "IssuedCommands": 50000,
 "BenchmarkFullyRun": true,
 "TestDescription": "",
 "DBSpecificConfigs": {
  "FalkorDBVersion": 21210
 },
 "StartTime": 1720086923077,
 "EndTime": 1720086948078,
 "DurationMillis": 25000,
 "Totals": {
  "MATCH ()-[e]-\u003e() RETURN max(ID(e))": {
   "Errors": 0,
   "IssuedQueries": 50000,
   "LabelsAdded": 0,
   "NodesCreated": 0,
   "NodesDeleted": 0,
   "PropertiesSet": 0,
   "RelationshipsCreated": 0,
   "RelationshipsDeleted": 0
  },
  "Total": {
   "Errors": 0,
   "IssuedQueries": 50000,
   "LabelsAdded": 0,
   "NodesCreated": 0,
   "NodesDeleted": 0,
   "PropertiesSet": 0,
   "RelationshipsCreated": 0,
   "RelationshipsDeleted": 0
  }
 },
 "OverallQueryRates": {
  "MATCH ()-[e]-\u003e() RETURN max(ID(e))": 1999.9287694969826,
  "Total": 1999.9287694969826
 },
 "OverallClientLatencies": {
  "MATCH ()-[e]-\u003e() RETURN max(ID(e))": {
   "avg": 15.69389358,
   "q0": 0,
   "q100": 28.271,
   "q50": 15.644,
   "q95": 16.61,
   "q99": 17.14,
   "q999": 18.052
  },
  "Total": {
   "avg": 15.69389358,
   "q0": 0,
   "q100": 28.271,
   "q50": 15.644,
   "q95": 16.61,
   "q99": 17.14,
   "q999": 18.052
  }
 },
 "OverallGraphInternalLatencies": {
  "MATCH ()-[e]-\u003e() RETURN max(ID(e))": {
   "avg": 3.8929698,
   "q0": 0,
   "q100": 19.659,
   "q50": 3.848,
   "q95": 4.257,
   "q99": 4.421,
   "q999": 4.977
  },
  "Total": {
   "avg": 3.8929698,
   "q0": 0,
   "q100": 19.659,
   "q50": 3.848,
   "q95": 4.257,
   "q99": 4.421,
   "q999": 4.977
  }
 },
 "OverallRelativeInternalExternalLatencyDiff": {
  "avg": 4.031342236459168,
  "q100": 1.4380690777760823,
  "q50": 4.0654885654885655,
  "q95": 3.901808785529716,
  "q99": 3.8769509160823343,
  "q999": 3.6270845891099053
 },
 "OverallAbsoluteInternalExternalLatencyDiff": {
  "avg": 11.80092378,
  "q0": 0,
  "q100": 8.612000000000002,
  "q50": 11.796,
  "q95": 12.353,
  "q99": 12.719000000000001,
  "q999": 13.075
 },
 "ClientRunTimeStats": null,
 "ServerRunTimeStats": null
}