{
 "ResultFormatVersion": "0.0.1",
 "Metadata": "",
 "Clients": 32,
 "MaxRps": 0,
 "RandomSeed": 12345,
 "BenchmarkConfiguredCommandsLimit": 1000,
 "IssuedCommands": 1000,
 "BenchmarkFullyRun": true,
 "TestDescription": "",
 "DBSpecificConfigs": {
  "FalkorDBVersion": 21210
 },
 "StartTime": 1720085740310,
 "EndTime": 1720085765312,
 "DurationMillis": 25001,
 "Totals": {
  "MATCH (a:actor) WITH a MATCH (b:actor) WHERE a.age = b.age AND a \u003c\u003e b RETURN a, collect(b)": {
   "Errors": 0,
   "IssuedQueries": 1000,
   "LabelsAdded": 0,
   "NodesCreated": 0,
   "NodesDeleted": 0,
   "PropertiesSet": 0,
   "RelationshipsCreated": 0,
   "RelationshipsDeleted": 0
  },
  "Total": {
   "Errors": 0,
   "IssuedQueries": 1000,
   "LabelsAdded": 0,
   "NodesCreated": 0,
   "NodesDeleted": 0,
   "PropertiesSet": 0,
   "RelationshipsCreated": 0,
   "RelationshipsDeleted": 0
  }
 },
 "OverallQueryRates": {
  "MATCH (a:actor) WITH a MATCH (b:actor) WHERE a.age = b.age AND a \u003c\u003e b RETURN a, collect(b)": 39.99760453866447,
  "Total": 39.99760453866447
 },
 "OverallClientLatencies": {
  "MATCH (a:actor) WITH a MATCH (b:actor) WHERE a.age = b.age AND a \u003c\u003e b RETURN a, collect(b)": {
   "avg": 648.624618,
   "q0": 0,
   "q100": 1781.503,
   "q50": 600.991,
   "q95": 1200.319,
   "q99": 1440.383,
   "q999": 1754.495
  },
  "Total": {
   "avg": 648.624618,
   "q0": 0,
   "q100": 1781.503,
   "q50": 600.991,
   "q95": 1200.319,
   "q99": 1440.383,
   "q999": 1754.495
  }
 },
 "OverallGraphInternalLatencies": {
  "MATCH (a:actor) WITH a MATCH (b:actor) WHERE a.age = b.age AND a \u003c\u003e b RETURN a, collect(b)": {
   "avg": 55.856617,
   "q0": 0,
   "q100": 127.715,
   "q50": 54.061,
   "q95": 88.007,
   "q99": 103.447,
   "q999": 122.467
  },
  "Total": {
   "avg": 55.856617,
   "q0": 0,
   "q100": 127.715,
   "q50": 54.061,
   "q95": 88.007,
   "q99": 103.447,
   "q999": 122.467
  }
 },
 "OverallRelativeInternalExternalLatencyDiff": {
  "avg": 11.612314759413376,
  "q100": 13.949050620522256,
  "q50": 11.116904977710364,
  "q95": 13.638903723567442,
  "q99": 13.92387406111342,
  "q999": 14.326267484301892
 },
 "OverallAbsoluteInternalExternalLatencyDiff": {
  "avg": 592.768001,
  "q0": 0,
  "q100": 1653.788,
  "q50": 546.93,
  "q95": 1112.312,
  "q99": 1336.9360000000001,
  "q999": 1632.0279999999998
 },
 "ClientRunTimeStats": null,
 "ServerRunTimeStats": null
}