{
 "ResultFormatVersion": "0.0.1",
 "Metadata": "",
 "Clients": 1,
 "MaxRps": 0,
 "RandomSeed": 12345,
 "BenchmarkConfiguredCommandsLimit": 1000,
 "IssuedCommands": 1000,
 "BenchmarkFullyRun": true,
 "TestDescription": "",
 "DBSpecificConfigs": {
  "FalkorDBVersion": 21210
 },
 "StartTime": 1720086147118,
 "EndTime": 1720086162119,
 "DurationMillis": 15001,
 "Totals": {
  "MATCH (n) WITH n LIMIT 3000 DELETE n": {
   "Errors": 0,
   "IssuedQueries": 1000,
   "LabelsAdded": 0,
   "NodesCreated": 0,
   "NodesDeleted": 3000000,
   "PropertiesSet": 0,
   "RelationshipsCreated": 0,
   "RelationshipsDeleted": 0
  },
  "Total": {
   "Errors": 0,
   "IssuedQueries": 1000,
   "LabelsAdded": 0,
   "NodesCreated": 0,
   "NodesDeleted": 3000000,
   "PropertiesSet": 0,
   "RelationshipsCreated": 0,
   "RelationshipsDeleted": 0
  }
 },
 "OverallQueryRates": {
  "MATCH (n) WITH n LIMIT 3000 DELETE n": 66.66112667374442,
  "Total": 66.66112667374442
 },
 "OverallClientLatencies": {
  "MATCH (n) WITH n LIMIT 3000 DELETE n": {
   "avg": 13.569679,
   "q0": 0,
   "q100": 119.959,
   "q50": 9.74,
   "q95": 31.586,
   "q99": 32.291,
   "q999": 35.119
  },
  "Total": {
   "avg": 13.569679,
   "q0": 0,
   "q100": 119.959,
   "q50": 9.74,
   "q95": 31.586,
   "q99": 32.291,
   "q999": 35.119
  }
 },
 "OverallGraphInternalLatencies": {
  "MATCH (n) WITH n LIMIT 3000 DELETE n": {
   "avg": 13.288495000000001,
   "q0": 0,
   "q100": 86.087,
   "q50": 9.529,
   "q95": 31.134,
   "q99": 31.909,
   "q999": 34.633
  },
  "Total": {
   "avg": 13.288495000000001,
   "q0": 0,
   "q100": 86.087,
   "q50": 9.529,
   "q95": 31.134,
   "q99": 31.909,
   "q999": 34.633
  }
 },
 "OverallRelativeInternalExternalLatencyDiff": {
  "avg": 1.0211599582947504,
  "q100": 1.3934624275442284,
  "q50": 1.0221429321020044,
  "q95": 1.014517890409199,
  "q99": 1.0119715440784731,
  "q999": 1.01403285883406
 },
 "OverallAbsoluteInternalExternalLatencyDiff": {
  "avg": 0.28118399999999966,
  "q0": 0,
  "q100": 33.872,
  "q50": 0.2110000000000003,
  "q95": 0.4519999999999982,
  "q99": 0.3819999999999979,
  "q999": 0.4859999999999971
 },
 "ClientRunTimeStats": null,
 "ServerRunTimeStats": null
}