{
 "ResultFormatVersion": "0.0.1",
 "Metadata": "",
 "Clients": 32,
 "MaxRps": 0,
 "RandomSeed": 12345,
 "BenchmarkConfiguredCommandsLimit": 1000000,
 "IssuedCommands": 1000000,
 "BenchmarkFullyRun": true,
 "TestDescription": "",
 "DBSpecificConfigs": {
  "FalkorDBVersion": 21210
 },
 "StartTime": 1720086167199,
 "EndTime": 1720086212199,
 "DurationMillis": 45000,
 "Totals": {
  "MATCH (n) WHERE ID(n) = 0 SET n.v = n.v + 1": {
   "Errors": 0,
   "IssuedQueries": 1000000,
   "LabelsAdded": 0,
   "NodesCreated": 0,
   "NodesDeleted": 0,
   "PropertiesSet": 1000000,
   "RelationshipsCreated": 0,
   "RelationshipsDeleted": 0
  },
  "Total": {
   "Errors": 0,
   "IssuedQueries": 1000000,
   "LabelsAdded": 0,
   "NodesCreated": 0,
   "NodesDeleted": 0,
   "PropertiesSet": 1000000,
   "RelationshipsCreated": 0,
   "RelationshipsDeleted": 0
  }
 },
 "OverallQueryRates": {
  "MATCH (n) WHERE ID(n) = 0 SET n.v = n.v + 1": 22221.916103476207,
  "Total": 22221.916103476207
 },
 "OverallClientLatencies": {
  "MATCH (n) WHERE ID(n) = 0 SET n.v = n.v + 1": {
   "avg": 1.403808328,
   "q0": 0,
   "q100": 8.851,
   "q50": 1.4,
   "q95": 1.536,
   "q99": 1.626,
   "q999": 2.274
  },
  "Total": {
   "avg": 1.403808328,
   "q0": 0,
   "q100": 8.851,
   "q50": 1.4,
   "q95": 1.536,
   "q99": 1.626,
   "q999": 2.274
  }
 },
 "OverallGraphInternalLatencies": {
  "MATCH (n) WHERE ID(n) = 0 SET n.v = n.v + 1": {
   "avg": 0.048489978,
   "q0": 0,
   "q100": 1.708,
   "q50": 0.046,
   "q95": 0.071,
   "q99": 0.088,
   "q999": 0.148
  },
  "Total": {
   "avg": 0.048489978,
   "q0": 0,
   "q100": 1.708,
   "q50": 0.046,
   "q95": 0.071,
   "q99": 0.088,
   "q999": 0.148
  }
 },
 "OverallRelativeInternalExternalLatencyDiff": {
  "avg": 28.950483912366384,
  "q100": 5.18208430913349,
  "q50": 30.434782608695652,
  "q95": 21.63380281690141,
  "q99": 18.477272727272727,
  "q999": 15.364864864864865
 },
 "OverallAbsoluteInternalExternalLatencyDiff": {
  "avg": 1.35531835,
  "q0": 0,
  "q100": 7.143000000000001,
  "q50": 1.3539999999999999,
  "q95": 1.465,
  "q99": 1.5379999999999998,
  "q999": 2.126
 },
 "ClientRunTimeStats": null,
 "ServerRunTimeStats": null
}