{
 "ResultFormatVersion": "0.0.1",
 "Metadata": "",
 "Clients": 32,
 "MaxRps": 0,
 "RandomSeed": 12345,
 "BenchmarkConfiguredCommandsLimit": 1000,
 "IssuedCommands": 1000,
 "BenchmarkFullyRun": true,
 "TestDescription": "",
 "DBSpecificConfigs": {
  "FalkorDBVersion": 21210
 },
 "StartTime": 1720086162162,
 "EndTime": 1720086167166,
 "DurationMillis": 5004,
 "Totals": {
  "MATCH (n), (m) WHERE ID(n) = 0 AND ID(m) = 1 WITH n, m MATCH (n)-[*]-\u003e(m) RETURN count(1)": {
   "Errors": 0,
   "IssuedQueries": 1000,
   "LabelsAdded": 0,
   "NodesCreated": 0,
   "NodesDeleted": 0,
   "PropertiesSet": 0,
   "RelationshipsCreated": 0,
   "RelationshipsDeleted": 0
  },
  "Total": {
   "Errors": 0,
   "IssuedQueries": 1000,
   "LabelsAdded": 0,
   "NodesCreated": 0,
   "NodesDeleted": 0,
   "PropertiesSet": 0,
   "RelationshipsCreated": 0,
   "RelationshipsDeleted": 0
  }
 },
 "OverallQueryRates": {
  "MATCH (n), (m) WHERE ID(n) = 0 AND ID(m) = 1 WITH n, m MATCH (n)-[*]-\u003e(m) RETURN count(1)": 199.81741072653585,
  "Total": 199.81741072653585
 },
 "OverallClientLatencies": {
  "MATCH (n), (m) WHERE ID(n) = 0 AND ID(m) = 1 WITH n, m MATCH (n)-[*]-\u003e(m) RETURN count(1)": {
   "avg": 0.346873,
   "q0": 0,
   "q100": 1.048,
   "q50": 0.313,
   "q95": 0.64,
   "q99": 0.805,
   "q999": 1.046
  },
  "Total": {
   "avg": 0.346873,
   "q0": 0,
   "q100": 1.048,
   "q50": 0.313,
   "q95": 0.64,
   "q99": 0.805,
   "q999": 1.046
  }
 },
 "OverallGraphInternalLatencies": {
  "MATCH (n), (m) WHERE ID(n) = 0 AND ID(m) = 1 WITH n, m MATCH (n)-[*]-\u003e(m) RETURN count(1)": {
   "avg": 0.067872,
   "q0": 0,
   "q100": 0.579,
   "q50": 0.064,
   "q95": 0.092,
   "q99": 0.172,
   "q999": 0.458
  },
  "Total": {
   "avg": 0.067872,
   "q0": 0,
   "q100": 0.579,
   "q50": 0.064,
   "q95": 0.092,
   "q99": 0.172,
   "q999": 0.458
  }
 },
 "OverallRelativeInternalExternalLatencyDiff": {
  "avg": 5.110693658651579,
  "q100": 1.8100172711571678,
  "q50": 4.890625,
  "q95": 6.9565217391304355,
  "q99": 4.680232558139536,
  "q999": 2.2838427947598254
 },
 "OverallAbsoluteInternalExternalLatencyDiff": {
  "avg": 0.279001,
  "q0": 0,
  "q100": 0.4690000000000001,
  "q50": 0.249,
  "q95": 0.548,
  "q99": 0.633,
  "q999": 0.5880000000000001
 },
 "ClientRunTimeStats": null,
 "ServerRunTimeStats": null
}